Workbook
Name NativeTimeline_Date: #N/A
Name NativeTimeline_Date1: #N/A
Name NativeTimeline_Date2: #N/A
Name NativeTimeline_Date3: #N/A
Name Slicer_Deficit: #N/A
Name Slicer_Height: #N/A
Name Slicer_Height1: #N/A
Name Slicer_Opponent: #N/A

Sheet Scores
A1: Angle | B1: Height | C1: Base | D1: Board | E1: Date | F1: Game | G1: Round | H1: Order | I1: Caleb | J1: Joshua | K1: Quadri | L1: Daniel | M1: Qianzi | N1: Kenny | O1: Veronica | P1: Joseph | Q1: Theo
A2: vertical | B2: mid | C2: no magnet | D2: Original | E2: 45707 | F2: 1 | G2: 1 | H2: CJQ | I2: 4 | J2: 0 | K2: 0
A3: vertical | B3: mid | C3: no magnet | D3: Original | E3: 45707 | F3: 1 | G3: 2 | H3: CJQ | I3: 3 | J3: 0 | K3: 0
A4: vertical | B4: mid | C4: no magnet | D4: Original | E4: 45707 | F4: 1 | G4: 3 | H4: CJQ | I4: 4 | J4: 1 | K4: 1
A5: vertical | B5: mid | C5: no magnet | D5: Original | E5: 45707 | F5: =F2+1 -> 2 | G5: =G2 -> 1 | H5: JC | I5: 8 | J5: 0
A6: vertical | B6: mid | C6: no magnet | D6: Original | E6: 45707 | F6: =F3+1 -> 2 | G6: =G3 -> 2 | H6: JC | I6: 5 | J6: 0
A7: vertical | B7: mid | C7: no magnet | D7: Original | E7: 45707 | F7: =F4+1 -> 2 | G7: =G4 -> 3 | H7: JC | I7: 3 | J7: 0
A8: vertical | B8: mid | C8: no magnet | D8: Original | E8: 45708 | F8: =F5+1 -> 3 | G8: =G5 -> 1 | H8: JC | I8: 1 | J8: 0
A9: vertical | B9: mid | C9: no magnet | D9: Original | E9: 45708 | F9: =F6+1 -> 3 | G9: =G6 -> 2 | H9: JC | I9: 6 | J9: 0
A10: vertical | B10: mid | C10: no magnet | D10: Original | E10: 45708 | F10: =F7+1 -> 3 | G10: =G7 -> 3 | H10: JC | I10: 3 | J10: 4
A11: vertical | B11: mid | C11: no magnet | D11: Original | E11: 45708 | F11: =F8+1 -> 4 | G11: =G8 -> 1 | H11: CJQ | I11: 3 | J11: 0 | K11: 1
A12: vertical | B12: mid | C12: no magnet | D12: Original | E12: 45708 | F12: =F9+1 -> 4 | G12: =G9 -> 2 | H12: CJQ | I12: 0 | J12: 0 | K12: 2
A13: vertical | B13: mid | C13: no magnet | D13: Original | E13: 45708 | F13: =F10+1 -> 4 | G13: =G10 -> 3 | H13: CJQ | I13: 1 | J13: 0 | K13: 4
A14: vertical | B14: mid | C14: no magnet | D14: Original | E14: 45708 | F14: =F11+1 -> 5 | G14: =G11 -> 1 | H14: QJC | I14: 5 | J14: 1 | K14: 1
A15: vertical | B15: mid | C15: no magnet | D15: Original | E15: 45708 | F15: =F12+1 -> 5 | G15: =G12 -> 2 | H15: QJC | I15: 4 | J15: 0 | K15: 2
A16: vertical | B16: mid | C16: no magnet | D16: Original | E16: 45708 | F16: =F13+1 -> 5 | G16: =G13 -> 3 | H16: QJC | I16: 2 | J16: 0 | K16: 0
A17: vertical | B17: mid | C17: no magnet | D17: Original | E17: 45709 | F17: =F14+1 -> 6 | G17: =G14 -> 1 | H17: JC | I17: 7 | J17: 0
A18: vertical | B18: mid | C18: no magnet | D18: Original | E18: 45709 | F18: =F15+1 -> 6 | G18: =G15 -> 2 | H18: JC | I18: 2 | J18: 4
A19: vertical | B19: mid | C19: no magnet | D19: Original | E19: 45709 | F19: =F16+1 -> 6 | G19: =G16 -> 3 | H19: JC | I19: 1 | J19: 0
A20: vertical | B20: mid | C20: no magnet | D20: Original | E20: 45712 | F20: =F17+1 -> 7 | G20: =G17 -> 1 | H20: CJ | I20: 0 | J20: 1
A21: vertical | B21: mid | C21: no magnet | D21: Original | E21: 45712 | F21: =F18+1 -> 7 | G21: =G18 -> 2 | H21: CJ | I21: 5 | J21: 2
A22: vertical | B22: mid | C22: no magnet | D22: Original | E22: 45712 | F22: =F19+1 -> 7 | G22: =G19 -> 3 | H22: CJ | I22: 0 | J22: 6
A23: vertical | B23: mid | C23: no magnet | D23: Original | E23: 45712 | F23: =F20+1 -> 8 | G23: =G20 -> 1 | H23: CJ | I23: 0 | J23: 1
A24: vertical | B24: mid | C24: no magnet | D24: Original | E24: 45712 | F24: =F21+1 -> 8 | G24: =G21 -> 2 | H24: CJ | I24: 3 | J24: 1
A25: vertical | B25: mid | C25: no magnet | D25: Original | E25: 45712 | F25: =F22+1 -> 8 | G25: =G22 -> 3 | H25: CJ | I25: 3 | J25: 0
A26: vertical | B26: mid | C26: no magnet | D26: Original | E26: 45713 | F26: =F23+1 -> 9 | G26: =G23 -> 1 | H26: CJQ | I26: 2 | J26: 1 | K26: 0
A27: vertical | B27: mid | C27: no magnet | D27: Original | E27: 45713 | F27: =F24+1 -> 9 | G27: =G24 -> 2 | H27: CJQ | I27: 5 | J27: 3 | K27: 1
A28: vertical | B28: mid | C28: no magnet | D28: Original | E28: 45713 | F28: =F25+1 -> 9 | G28: =G25 -> 3 | H28: CJQ | I28: 2 | J28: 7 | K28: 3
A29: vertical | B29: mid | C29: no magnet | D29: Original | E29: 45713 | F29: =F26+1 -> 10 | G29: =G26 -> 1 | H29: CJ | I29: 0 | J29: 1
A30: vertical | B30: mid | C30: no magnet | D30: Original | E30: 45713 | F30: =F27+1 -> 10 | G30: =G27 -> 2 | H30: CJ | I30: 3 | J30: 0
A31: vertical | B31: mid | C31: no magnet | D31: Original | E31: 45713 | F31: =F28+1 -> 10 | G31: =G28 -> 3 | H31: CJ | I31: 3 | J31: 0
A32: vertical | B32: mid | C32: magnet | D32: Original | E32: 45714 | F32: =F29+1 -> 11 | G32: =G29 -> 1 | H32: DCJ | I32: 5 | J32: 0 | L32: 1
A33: vertical | B33: mid | C33: magnet | D33: Original | E33: 45714 | F33: =F30+1 -> 11 | G33: =G30 -> 2 | H33: DCJ | I33: 6 | J33: 2 | L33: 3
A34: vertical | B34: mid | C34: magnet | D34: Original | E34: 45714 | F34: =F31+1 -> 11 | G34: =G31 -> 3 | H34: DCJ | I34: 3 | J34: 3 | L34: 2
A35: vertical | B35: mid | C35: magnet | D35: Original | E35: 45715 | F35: =F32+1 -> 12 | G35: =G32 -> 1 | H35: CJD | I35: 1 | J35: 0 | L35: 2
A36: vertical | B36: mid | C36: magnet | D36: Original | E36: 45715 | F36: =F33+1 -> 12 | G36: =G33 -> 2 | H36: CJD | I36: 6 | J36: 1 | L36: 0
A37: vertical | B37: mid | C37: magnet | D37: Original | E37: 45715 | F37: =F34+1 -> 12 | G37: =G34 -> 3 | H37: CJD | I37: 3 | J37: 2 | L37: 1
A38: vertical | B38: mid | C38: magnet | D38: Original | E38: 45715 | F38: =F35+1 -> 13 | G38: =G35 -> 1 | H38: DCJ | I38: 3 | J38: 0 | L38: 0
A39: vertical | B39: mid | C39: magnet | D39: Original | E39: 45715 | F39: =F36+1 -> 13 | G39: =G36 -> 2 | H39: DCJ | I39: 5 | J39: 1 | L39: 0
A40: vertical | B40: mid | C40: magnet | D40: Original | E40: 45715 | F40: =F37+1 -> 13 | G40: =G37 -> 3 | H40: DCJ | I40: 3 | J40: 0 | L40: 0
A41: vertical | B41: mid | C41: magnet | D41: Original | E41: 45716 | F41: =F38+1 -> 14 | G41: =G38 -> 1 | H41: JC | I41: 5 | J41: 1
A42: vertical | B42: mid | C42: magnet | D42: Original | E42: 45716 | F42: =F39+1 -> 14 | G42: =G39 -> 2 | H42: JC | I42: 3 | J42: 1
A43: vertical | B43: mid | C43: magnet | D43: Original | E43: 45716 | F43: =F40+1 -> 14 | G43: =G40 -> 3 | H43: JC | I43: 3 | J43: 1
A44: vertical | B44: mid | C44: magnet | D44: Original | E44: 45716 | F44: =F41+1 -> 15 | G44: =G41 -> 1 | H44: CJ | I44: 2 | J44: 1
A45: vertical | B45: mid | C45: magnet | D45: Original | E45: 45716 | F45: =F42+1 -> 15 | G45: =G42 -> 2 | H45: CJ | I45: 3 | J45: 0
A46: vertical | B46: mid | C46: magnet | D46: Original | E46: 45716 | F46: =F43+1 -> 15 | G46: =G43 -> 3 | H46: CJ | I46: 0 | J46: 2
A47: vertical | B47: mid | C47: magnet | D47: Original | E47: 45720 | F47: =F44+1 -> 16 | G47: =G44 -> 1 | H47: DJC | I47: 3 | J47: 1 | L47: 1
A48: vertical | B48: mid | C48: magnet | D48: Original | E48: 45720 | F48: =F45+1 -> 16 | G48: =G45 -> 2 | H48: DJC | I48: 6 | J48: 0 | L48: 2
A49: vertical | B49: mid | C49: magnet | D49: Original | E49: 45720 | F49: =F46+1 -> 16 | G49: =G46 -> 3 | H49: DJC | I49: 0 | J49: 0 | L49: 2
A50: vertical | B50: mid | C50: magnet | D50: Original | E50: 45721 | F50: =F47+1 -> 17 | G50: =G47 -> 1 | H50: JC | I50: 5 | J50: 0
A51: vertical | B51: mid | C51: magnet | D51: Original | E51: 45721 | F51: =F48+1 -> 17 | G51: =G48 -> 2 | H51: JC | I51: 0 | J51: 1
A52: vertical | B52: mid | C52: magnet | D52: Original | E52: 45721 | F52: =F49+1 -> 17 | G52: =G49 -> 3 | H52: JC | I52: 3 | J52: 0
A53: vertical | B53: mid | C53: magnet | D53: Original | E53: 45722 | F53: =F50+1 -> 18 | G53: =G50 -> 1 | H53: CJ | I53: 5 | J53: 1
A54: vertical | B54: mid | C54: magnet | D54: Original | E54: 45722 | F54: =F51+1 -> 18 | G54: =G51 -> 2 | H54: CJ | I54: 4 | J54: 0
A55: vertical | B55: mid | C55: magnet | D55: Original | E55: 45722 | F55: =F52+1 -> 18 | G55: =G52 -> 3 | H55: CJ | I55: 0 | J55: 3
A56: vertical | B56: mid | C56: bad magnet | D56: Original | E56: 45722 | F56: =F53+1 -> 19 | G56: =G53 -> 1 | H56: JC | I56: 0 | J56: 4
A57: vertical | B57: mid | C57: bad magnet | D57: Original | E57: 45722 | F57: =F54+1 -> 19 | G57: =G54 -> 2 | H57: JC | I57: 2 | J57: 1
A58: vertical | B58: mid | C58: bad magnet | D58: Original | E58: 45722 | F58: =F55+1 -> 19 | G58: =G55 -> 3 | H58: JC | I58: 3 | J58: 3
A59: vertical | B59: mid | C59: magnet | D59: Original | E59: 45723 | F59: =F56+1 -> 20 | G59: =G56 -> 1 | H59: JC | I59: 1 | J59: 1
A60: vertical | B60: mid | C60: magnet | D60: Original | E60: 45723 | F60: =F57+1 -> 20 | G60: =G57 -> 2 | H60: JC | I60: 1 | J60: 0
A61: vertical | B61: mid | C61: magnet | D61: Original | E61: 45723 | F61: =F58+1 -> 20 | G61: =G58 -> 3 | H61: JC | I61: 2 | J61: 1
... A73: vertical | B73: mid | C73: magnet | D73: Original | E73: 45729 | F73: =F70+1 -> 24 | G73: =G70 -> 3 | H73: JC | I73: 1 | J73: 0
A74: vertical | B74: mid | C74: no magnet | D74: Original | E74: 45740 | F74: =F71+1 -> 25 | G74: =G71 -> 1 | H74: CJD | I74: 0 | J74: 2 | L74: 1
A75: vertical | B75: mid | C75: no magnet | D75: Original | E75: 45740 | F75: =F72+1 -> 25 | G75: =G72 -> 2 | H75: CJD | I75: 4 | J75: 0 | L75: 0
A76: vertical | B76: mid | C76: no magnet | D76: Original | E76: 45740 | F76: =F73+1 -> 25 | G76: =G73 -> 3 | H76: CJD | I76: 2 | J76: 1 | L76: 0
A77: vertical | B77: mid | C77: magnet | D77: Original | E77: 45741 | F77: =F74+1 -> 26 | G77: =G74 -> 1 | H77: CJ | I77: 6 | J77: 5
A78: vertical | B78: mid | C78: magnet | D78: Original | E78: 45741 | F78: =F75+1 -> 26 | G78: =G75 -> 2 | H78: CJ | I78: 3 | J78: 3
A79: vertical | B79: mid | C79: magnet | D79: Original | E79: 45741 | F79: =F76+1 -> 26 | G79: =G76 -> 3 | H79: CJ | I79: 3 | J79: 3
A80: vertical | B80: mid | C80: magnet | D80: Original | E80: 45742 | F80: =F77+1 -> 27 | G80: =G77 -> 1 | H80: JCQ | I80: 2 | J80: 0 | K80: 1
A81: vertical | B81: mid | C81: magnet | D81: Original | E81: 45742 | F81: =F78+1 -> 27 | G81: =G78 -> 2 | H81: JCQ | I81: 4 | J81: 0 | K81: 2
A82: vertical | B82: mid | C82: magnet | D82: Original | E82: 45742 | F82: =F79+1 -> 27 | G82: =G79 -> 3 | H82: JCQ | I82: 4 | J82: 2 | K82: 1
A83: vertical | B83: mid | C83: magnet | D83: Original | E83: 45743 | F83: =F80+1 -> 28 | G83: =G80 -> 1 | H83: CJ | I83: 2 | J83: 2
A84: vertical | B84: mid | C84: magnet | D84: Original | E84: 45743 | F84: =F81+1 -> 28 | G84: =G81 -> 2 | H84: CJ | I84: 3 | J84: 1
A85: vertical | B85: mid | C85: magnet | D85: Original | E85: 45743 | F85: =F82+1 -> 28 | G85: =G82 -> 3 | H85: CJ | I85: 2 | J85: 1
A86: vertical | B86: mid | C86: magnet | D86: Original | E86: 45744 | F86: =F83+1 -> 29 | G86: =G83 -> 1 | H86: JC | I86: 1 | J86: 4
A87: vertical | B87: mid | C87: magnet | D87: Original | E87: 45744 | F87: =F84+1 -> 29 | G87: =G84 -> 2 | H87: JC | I87: 1 | J87: 3
A88: vertical | B88: mid | C88: magnet | D88: Original | E88: 45744 | F88: =F85+1 -> 29 | G88: =G85 -> 3 | H88: JC | I88: 3 | J88: 3
A89: vertical | B89: mid | C89: magnet | D89: Original | E89: 45747 | F89: =F86+1 -> 30 | G89: =G86 -> 1 | H89: JC | I89: 1 | J89: 0
A90: vertical | B90: mid | C90: magnet | D90: Original | E90: 45747 | F90: =F87+1 -> 30 | G90: =G87 -> 2 | H90: JC | I90: 2 | J90: 1
A91: vertical | B91: mid | C91: magnet | D91: Original | E91: 45747 | F91: =F88+1 -> 30 | G91: =G88 -> 3 | H91: JC | I91: 4 | J91: 1
A92: vertical | B92: mid | C92: magnet | D92: Original | E92: 45748 | F92: =F89+1 -> 31 | G92: =G89 -> 1 | H92: CJ | I92: 3 | J92: 1
A93: vertical | B93: mid | C93: magnet | D93: Original | E93: 45748 | F93: =F90+1 -> 31 | G93: =G90 -> 2 | H93: CJ | I93: 2 | J93: 1
A94: vertical | B94: mid | C94: magnet | D94: Original | E94: 45748 | F94: =F91+1 -> 31 | G94: =G91 -> 3 | H94: CJ | I94: 1 | J94: 3
... A97: vertical | B97: high | C97: magnet | D97: Original | E97: 45749 | F97: =F94+1 -> 32 | G97: =G94 -> 3 | H97: JC | I97: 2 | J97: 1
A98: vertical | B98: high | C98: magnet | D98: Original | E98: 45749 | F98: =F95+1 -> 33 | G98: =G95 -> 1 | H98: JC | I98: 2 | J98: 0 | K98: 0
A99: vertical | B99: high | C99: magnet | D99: Original | E99: 45749 | F99: =F96+1 -> 33 | G99: =G96 -> 2 | H99: JC | I99: 2 | J99: 3 | K99: 0
A100: vertical | B100: high | C100: magnet | D100: Original | E100: 45749 | F100: =F97+1 -> 33 | G100: =G97 -> 3 | H100: JC | I100: 0 | J100: 2 | K100: 2
A101: vertical | B101: low | C101: magnet | D101: Original | E101: 45750 | F101: =F98+1 -> 34 | G101: =G98 -> 1 | H101: JCQ | I101: 2 | J101: 0 | K101: 0
A102: vertical | B102: low | C102: magnet | D102: Original | E102: 45750 | F102: =F99+1 -> 34 | G102: =G99 -> 2 | H102: JCQ | I102: 4 | J102: 1 | K102: 1
A103: vertical | B103: low | C103: magnet | D103: Original | E103: 45750 | F103: =F100+1 -> 34 | G103: =G100 -> 3 | H103: JCQ | I103: 2 | J103: 0 | K103: 0
A104: vertical | B104: mid | C104: magnet | D104: Original | E104: 45751 | F104: =F101+1 -> 35 | G104: =G101 -> 1 | H104: CJ | I104: 2 | J104: 1
A105: vertical | B105: mid | C105: magnet | D105: Original | E105: 45751 | F105: =F102+1 -> 35 | G105: =G102 -> 2 | H105: CJ | I105: 4 | J105: 1
A106: vertical | B106: mid | C106: magnet | D106: Original | E106: 45751 | F106: =F103+1 -> 35 | G106: =G103 -> 3 | H106: CJ | I106: 2 | J106: 0
A107: vertical | B107: high | C107: magnet | D107: Original | E107: 45754 | F107: =F104+1 -> 36 | G107: =G104 -> 1 | H107: JCQ | I107: 1 | J107: 0 | K107: 0
A108: vertical | B108: high | C108: magnet | D108: Original | E108: 45754 | F108: =F105+1 -> 36 | G108: =G105 -> 2 | H108: JCQ | I108: 0 | J108: 1 | K108: 0
A109: vertical | B109: high | C109: magnet | D109: Original | E109: 45754 | F109: =F106+1 -> 36 | G109: =G106 -> 3 | H109: JCQ | I109: 0 | J109: 1 | K109: 0
A110: vertical | B110: mid | C110: magnet | D110: Original | E110: 45754 | F110: =F107+1 -> 37 | G110: =G107 -> 1 | H110: JC | I110: 0 | J110: 2
A111: vertical | B111: mid | C111: magnet | D111: Original | E111: 45754 | F111: =F108+1 -> 37 | G111: =G108 -> 2 | H111: JC | I111: 3 | J111: 1
A112: vertical | B112: mid | C112: magnet | D112: Original | E112: 45754 | F112: =F109+1 -> 37 | G112: =G109 -> 3 | H112: JC | I112: 5 | J112: 3
A113: vertical | B113: low | C113: magnet | D113: Original | E113: 45755 | F113: =F110+1 -> 38 | G113: =G110 -> 1 | H113: CJD | I113: 0 | J113: 2 | L113: 4
...

Sheet Games
A1: Angle | B1: Height | C1: Base | D1: Date | E1: Game | F1: Order | G1: Rounds | H1: Player | I1: Total Score | J1: Victory | K1: DD | L1: Cons DD
A2: vertical | B2: 256 | C2: tape-magnet | D2: 46063 | E2: 262 | F2: JC | G2: 3 | H2: Caleb | I2: 21 | J2: 1 | K2: =IF(Convert_to_Games[[#This Row],[Total Score]]>9, 1, 0) -> 1 | L2: =IF(Convert_to_Games[[#This Row],[DD]]=0, 0, IF(L1 = "Cons DD", Convert_to_Games[[#This Row],[DD]], L1+L1)) -> 1
A3: vertical | B3: 256 | C3: tape-magnet | D3: 46078 | E3: 266 | F3: CJ | G3: 3 | H3: Caleb | I3: 21 | J3: 1 | K3: =IF(Convert_to_Games[[#This Row],[Total Score]]>9, 1, 0) -> 1 | L3: =IF(Convert_to_Games[[#This Row],[DD]]=0, 0, IF(L2 = "Cons DD", Convert_to_Games[[#This Row],[DD]], L2+L2)) -> 2
A4: vertical | B4: 256 | C4: tape-magnet | D4: 46122 | E4: 281 | F4: JC | G4: 4 | H4: Caleb | I4: 21 | J4: 1 | K4: =IF(Convert_to_Games[[#This Row],[Total Score]]>9, 1, 0) -> 1 | L4: =IF(Convert_to_Games[[#This Row],[DD]]=0, 0, IF(L3 = "Cons DD", Convert_to_Games[[#This Row],[DD]], L3+L3)) -> 4
A5: vertical | B5: 256 | C5: tape-magnet | D5: 46058 | E5: 260 | F5: JC | G5: 4 | H5: Caleb | I5: 20 | J5: 1 | K5: =IF(Convert_to_Games[[#This Row],[Total Score]]>9, 1, 0) -> 1 | L5: =IF(Convert_to_Games[[#This Row],[DD]]=0, 0, IF(L4 = "Cons DD", Convert_to_Games[[#This Row],[DD]], L4+L4)) -> 8
A6: vertical | B6: 256 | C6: tape-magnet | D6: 46073 | E6: 264 | F6: CJ | G6: 3 | H6: Caleb | I6: 20 | J6: 1 | K6: =IF(Convert_to_Games[[#This Row],[Total Score]]>9, 1, 0) -> 1 | L6: =IF(Convert_to_Games[[#This Row],[DD]]=0, 0, IF(L5 = "Cons DD", Convert_to_Games[[#This Row],[DD]], L5+L5)) -> 16
A7: vertical | B7: 256 | C7: tape-magnet | D7: 46127 | E7: 282 | F7: CJ | G7: 4 | H7: Caleb | I7: 20 | J7: 1 | K7: =IF(Convert_to_Games[[#This Row],[Total Score]]>9, 1, 0) -> 1 | L7: =IF(Convert_to_Games[[#This Row],[DD]]=0, 0, IF(L6 = "Cons DD", Convert_to_Games[[#This Row],[DD]], L6+L6)) -> 32
A8: vertical | B8: 256 | C8: tape-magnet | D8: 46132 | E8: 283 | F8: CJ | G8: 4 | H8: Caleb | I8: 20 | J8: 1 | K8: =IF(Convert_to_Games[[#This Row],[Total Score]]>9, 1, 0) -> 1 | L8: =IF(Convert_to_Games[[#This Row],[DD]]=0, 0, IF(L7 = "Cons DD", Convert_to_Games[[#This Row],[DD]], L7+L7)) -> 64
A9: vertical | B9: 256 | C9: tape-magnet | D9: 45881 | E9: 202 | F9: CJD | G9: 3 | H9: Caleb | I9: 19 | J9: 1 | K9: =IF(Convert_to_Games[[#This Row],[Total Score]]>9, 1, 0) -> 1 | L9: =IF(Convert_to_Games[[#This Row],[DD]]=0, 0, IF(L8 = "Cons DD", Convert_to_Games[[#This Row],[DD]], L8+L8)) -> 128
A10: vertical | B10: 256 | C10: tape-magnet | D10: 45961 | E10: 238 | F10: JC | G10: 3 | H10: Caleb | I10: 19 | J10: 1 | K10: =IF(Convert_to_Games[[#This Row],[Total Score]]>9, 1, 0) -> 1 | L10: =IF(Convert_to_Games[[#This Row],[DD]]=0, 0, IF(L9 = "Cons DD", Convert_to_Games[[#This Row],[DD]], L9+L9)) -> 256
A11: vertical | B11: 256 | C11: tape-magnet | D11: 45979 | E11: 241 | F11: JTCV | G11: 3 | H11: Caleb | I11: 19 | J11: 1 | K11: =IF(Convert_to_Games[[#This Row],[Total Score]]>9, 1, 0) -> 1 | L11: =IF(Convert_to_Games[[#This Row],[DD]]=0, 0, IF(L10 = "Cons DD", Convert_to_Games[[#This Row],[DD]], L10+L10)) -> 512
A12: vertical | B12: 256 | C12: tape-magnet | D12: 46034 | E12: 253 | F12: JC | G12: 3 | H12: Caleb | I12: 19 | J12: 1 | K12: =IF(Convert_to_Games[[#This Row],[Total Score]]>9, 1, 0) -> 1 | L12: =IF(Convert_to_Games[[#This Row],[DD]]=0, 0, IF(L11 = "Cons DD", Convert_to_Games[[#This Row],[DD]], L11+L11)) -> 1024
A13: vertical | B13: 256 | C13: tape-magnet | D13: 46044 | E13: 256 | F13: JC | G13: 4 | H13: Joshua | I13: 19 | J13: 1 | K13: =IF(Convert_to_Games[[#This Row],[Total Score]]>9, 1, 0) -> 1 | L13: =IF(Convert_to_Games[[#This Row],[DD]]=0, 0, IF(L12 = "Cons DD", Convert_to_Games[[#This Row],[DD]], L12+L12)) -> 2048
... A15: vertical | B15: 256 | C15: tape-magnet | D15: 46198 | E15: 288 | F15: CJ | G15: 4 | H15: Caleb | I15: 19 | J15: 1 | K15: =IF(Convert_to_Games[[#This Row],[Total Score]]>9, 1, 0) -> 1 | L15: =IF(Convert_to_Games[[#This Row],[DD]]=0, 0, IF(L14 = "Cons DD", Convert_to_Games[[#This Row],[DD]], L14+L14)) -> 8192
A16: vertical | B16: mid | C16: tape-magnet | D16: 45875 | E16: 197 | F16: CJ | G16: 3 | H16: Caleb | I16: 18 | J16: 1 | K16: =IF(Convert_to_Games[[#This Row],[Total Score]]>9, 1, 0) -> 1 | L16: =IF(Convert_to_Games[[#This Row],[DD]]=0, 0, IF(L15 = "Cons DD", Convert_to_Games[[#This Row],[DD]], L15+L15)) -> 16384
A17: vertical | B17: 256 | C17: tape-magnet | D17: 45881 | E17: 203 | F17: JCV | G17: 3 | H17: Caleb | I17: 18 | J17: 1 | K17: =IF(Convert_to_Games[[#This Row],[Total Score]]>9, 1, 0) -> 1 | L17: =IF(Convert_to_Games[[#This Row],[DD]]=0, 0, IF(L16 = "Cons DD", Convert_to_Games[[#This Row],[DD]], L16+L16)) -> 32768
A18: vertical | B18: 256 | C18: tape-magnet | D18: 45882 | E18: 204 | F18: CJ | G18: 4 | H18: Caleb | I18: 18 | J18: 1 | K18: =IF(Convert_to_Games[[#This Row],[Total Score]]>9, 1, 0) -> 1 | L18: =IF(Convert_to_Games[[#This Row],[DD]]=0, 0, IF(L17 = "Cons DD", Convert_to_Games[[#This Row],[DD]], L17+L17)) -> 65536
A19: vertical | B19: 256 | C19: tape-magnet | D19: 45959 | E19: 237 | F19: CJ | G19: 3 | H19: Joshua | I19: 18 | J19: 1 | K19: =IF(Convert_to_Games[[#This Row],[Total Score]]>9, 1, 0) -> 1 | L19: =IF(Convert_to_Games[[#This Row],[DD]]=0, 0, IF(L18 = "Cons DD", Convert_to_Games[[#This Row],[DD]], L18+L18)) -> 131072
A20: vertical | B20: 256 | C20: tape-magnet | D20: 45992 | E20: 244 | F20: CJ | G20: 5 | H20: Joshua | I20: 18 | J20: 1 | K20: =IF(Convert_to_Games[[#This Row],[Total Score]]>9, 1, 0) -> 1 | L20: =IF(Convert_to_Games[[#This Row],[DD]]=0, 0, IF(L19 = "Cons DD", Convert_to_Games[[#This Row],[DD]], L19+L19)) -> 262144
A21: vertical | B21: 256 | C21: tape-magnet | D21: 46036 | E21: 255 | F21: CJ | G21: 3 | H21: Caleb | I21: 18 | J21: 1 | K21: =IF(Convert_to_Games[[#This Row],[Total Score]]>9, 1, 0) -> 1 | L21: =IF(Convert_to_Games[[#This Row],[DD]]=0, 0, IF(L20 = "Cons DD", Convert_to_Games[[#This Row],[DD]], L20+L20)) -> 524288
A22: vertical | B22: 256 | C22: tape-magnet | D22: 46059 | E22: 261 | F22: JC | G22: 3 | H22: Caleb | I22: 18 | J22: 1 | K22: =IF(Convert_to_Games[[#This Row],[Total Score]]>9, 1, 0) -> 1 | L22: =IF(Convert_to_Games[[#This Row],[DD]]=0, 0, IF(L21 = "Cons DD", Convert_to_Games[[#This Row],[DD]], L21+L21)) -> 1048576
A23: vertical | B23: 256 | C23: tape-magnet | D23: 46091 | E23: 272 | F23: JC | G23: 3 | H23: Caleb | I23: 18 | J23: 1 | K23: =IF(Convert_to_Games[[#This Row],[Total Score]]>9, 1, 0) -> 1 | L23: =IF(Convert_to_Games[[#This Row],[DD]]=0, 0, IF(L22 = "Cons DD", Convert_to_Games[[#This Row],[DD]], L22+L22)) -> 2097152
A24: vertical | B24: 256 | C24: tape-magnet | D24: 46093 | E24: 274 | F24: JC | G24: 4 | H24: Caleb | I24: 18 | J24: 1 | K24: =IF(Convert_to_Games[[#This Row],[Total Score]]>9, 1, 0) -> 1 | L24: =IF(Convert_to_Games[[#This Row],[DD]]=0, 0, IF(L23 = "Cons DD", Convert_to_Games[[#This Row],[DD]], L23+L23)) -> 4194304
A25: vertical | B25: 256 | C25: tape-magnet | D25: 46114 | E25: 279 | F25: JC | G25: 4 | H25: Caleb | I25: 18 | J25: 1 | K25: =IF(Convert_to_Games[[#This Row],[Total Score]]>9, 1, 0) -> 1 | L25: =IF(Convert_to_Games[[#This Row],[DD]]=0, 0, IF(L24 = "Cons DD", Convert_to_Games[[#This Row],[DD]], L24+L24)) -> 8388608
A26: vertical | B26: 256 | C26: tape-magnet | D26: 46121 | E26: 280 | F26: CJ | G26: 4 | H26: Caleb | I26: 18 | J26: 1 | K26: =IF(Convert_to_Games[[#This Row],[Total Score]]>9, 1, 0) -> 1 | L26: =IF(Convert_to_Games[[#This Row],[DD]]=0, 0, IF(L25 = "Cons DD", Convert_to_Games[[#This Row],[DD]], L25+L25)) -> 16777216
A27: vertical | B27: 256 | C27: tape-magnet | D27: 46156 | E27: 286 | F27: JC | G27: 4 | H27: Caleb | I27: 18 | J27: 1 | K27: =IF(Convert_to_Games[[#This Row],[Total Score]]>9, 1, 0) -> 1 | L27: =IF(Convert_to_Games[[#This Row],[DD]]=0, 0, IF(L26 = "Cons DD", Convert_to_Games[[#This Row],[DD]], L26+L26)) -> 33554432
A28: vertical | B28: mid | C28: magnet | D28: 45840 | E28: 144 | F28: CJQ | G28: 3 | H28: Caleb | I28: 17 | J28: 1 | K28: =IF(Convert_to_Games[[#This Row],[Total Score]]>9, 1, 0) -> 1 | L28: =IF(Convert_to_Games[[#This Row],[DD]]=0, 0, IF(L27 = "Cons DD", Convert_to_Games[[#This Row],[DD]], L27+L27)) -> 67108864
A29: vertical | B29: mid | C29: magnet | D29: 45846 | E29: 151 | F29: BC | G29: 3 | H29: Caleb | I29: 17 | J29: 1 | K29: =IF(Convert_to_Games[[#This Row],[Total Score]]>9, 1, 0) -> 1 | L29: =IF(Convert_to_Games[[#This Row],[DD]]=0, 0, IF(L28 = "Cons DD", Convert_to_Games[[#This Row],[DD]], L28+L28)) -> 134217728
A30: vertical | B30: 256 | C30: tape-magnet | D30: 45896 | E30: 211 | F30: CJV | G30: 3 | H30: Caleb | I30: 17 | J30: 1 | K30: =IF(Convert_to_Games[[#This Row],[Total Score]]>9, 1, 0) -> 1 | L30: =IF(Convert_to_Games[[#This Row],[DD]]=0, 0, IF(L29 = "Cons DD", Convert_to_Games[[#This Row],[DD]], L29+L29)) -> 268435456
A31: vertical | B31: 256 | C31: tape-magnet | D31: 45904 | E31: 216 | F31: CJ | G31: 3 | H31: Caleb | I31: 17 | J31: 1 | K31: =IF(Convert_to_Games[[#This Row],[Total Score]]>9, 1, 0) -> 1 | L31: =IF(Convert_to_Games[[#This Row],[DD]]=0, 0, IF(L30 = "Cons DD", Convert_to_Games[[#This Row],[DD]], L30+L30)) -> 536870912
A32: vertical | B32: 256 | C32: tape-magnet | D32: 46080 | E32: 267 | F32: JC | G32: 3 | H32: Caleb | I32: 17 | J32: 1 | K32: =IF(Convert_to_Games[[#This Row],[Total Score]]>9, 1, 0) -> 1 | L32: =IF(Convert_to_Games[[#This Row],[DD]]=0, 0, IF(L31 = "Cons DD", Convert_to_Games[[#This Row],[DD]], L31+L31)) -> 1073741824
A33: vertical | B33: 256 | C33: tape-magnet | D33: 46092 | E33: 273 | F33: CJQ | G33: 4 | H33: Caleb | I33: 17 | J33: 1 | K33: =IF(Convert_to_Games[[#This Row],[Total Score]]>9, 1, 0) -> 1 | L33: =IF(Convert_to_Games[[#This Row],[DD]]=0, 0, IF(L32 = "Cons DD", Convert_to_Games[[#This Row],[DD]], L32+L32)) -> 2147483648
A34: vertical | B34: 256 | C34: tape-magnet | D34: 46106 | E34: 277 | F34: CJ | G34: 4 | H34: Caleb | I34: 17 | J34: 1 | K34: =IF(Convert_to_Games[[#This Row],[Total Score]]>9, 1, 0) -> 1 | L34: =IF(Convert_to_Games[[#This Row],[DD]]=0, 0, IF(L33 = "Cons DD", Convert_to_Games[[#This Row],[DD]], L33+L33)) -> 4294967296
A35: vertical | B35: 256 | C35: tape-magnet | D35: 46154 | E35: 285 | F35: CJ | G35: 4 | H35: Caleb | I35: 17 | J35: 1 | K35: =IF(Convert_to_Games[[#This Row],[Total Score]]>9, 1, 0) -> 1 | L35: =IF(Convert_to_Games[[#This Row],[DD]]=0, 0, IF(L34 = "Cons DD", Convert_to_Games[[#This Row],[DD]], L34+L34)) -> 8589934592
A36: vertical | B36: mid | C36: no magnet | D36: 45707 | E36: 2 | F36: JC | G36: 3 | H36: Caleb | I36: 16 | J36: 1 | K36: =IF(Convert_to_Games[[#This Row],[Total Score]]>9, 1, 0) -> 1 | L36: =IF(Convert_to_Games[[#This Row],[DD]]=0, 0, IF(L35 = "Cons DD", Convert_to_Games[[#This Row],[DD]], L35+L35)) -> 17179869184
A37: vertical | B37: mid | C37: magnet | D37: 45835 | E37: 135 | F37: CJ | G37: 3 | H37: Caleb | I37: 16 | J37: 1 | K37: =IF(Convert_to_Games[[#This Row],[Total Score]]>9, 1, 0) -> 1 | L37: =IF(Convert_to_Games[[#This Row],[DD]]=0, 0, IF(L36 = "Cons DD", Convert_to_Games[[#This Row],[DD]], L36+L36)) -> 34359738368
A38: vertical | B38: mid | C38: tape-magnet | D38: 45869 | E38: 189 | F38: JC | G38: 3 | H38: Caleb | I38: 16 | J38: 1 | K38: =IF(Convert_to_Games[[#This Row],[Total Score]]>9, 1, 0) -> 1 | L38: =IF(Convert_to_Games[[#This Row],[DD]]=0, 0, IF(L37 = "Cons DD", Convert_to_Games[[#This Row],[DD]], L37+L37)) -> 68719476736
A39: vertical | B39: mid | C39: tape-magnet | D39: 45875 | E39: 198 | F39: JC | G39: 3 | H39: Joshua | I39: 16 | J39: 1 | K39: =IF(Convert_to_Games[[#This Row],[Total Score]]>9, 1, 0) -> 1 | L39: =IF(Convert_to_Games[[#This Row],[DD]]=0, 0, IF(L38 = "Cons DD", Convert_to_Games[[#This Row],[DD]], L38+L38)) -> 137438953472
A40: vertical | B40: 256 | C40: tape-magnet | D40: 45915 | E40: 219 | F40: JC | G40: 3 | H40: Caleb | I40: 16 | J40: 1 | K40: =IF(Convert_to_Games[[#This Row],[Total Score]]>9, 1, 0) -> 1 | L40: =IF(Convert_to_Games[[#This Row],[DD]]=0, 0, IF(L39 = "Cons DD", Convert_to_Games[[#This Row],[DD]], L39+L39)) -> 274877906944
A41: vertical | B41: 256 | C41: tape-magnet | D41: 45940 | E41: 231 | F41: CJ | G41: 3 | H41: Caleb | I41: 16 | J41: 1 | K41: =IF(Convert_to_Games[[#This Row],[Total Score]]>9, 1, 0) -> 1 | L41: =IF(Convert_to_Games[[#This Row],[DD]]=0, 0, IF(L40 = "Cons DD", Convert_to_Games[[#This Row],[DD]], L40+L40)) -> 549755813888
A42: vertical | B42: 256 | C42: tape-magnet | D42: 45999 | E42: 250 | F42: QJC | G42: 4 | H42: Joshua | I42: 16 | J42: 1 | K42: =IF(Convert_to_Games[[#This Row],[Total Score]]>9, 1, 0) -> 1 | L42: =IF(Convert_to_Games[[#This Row],[DD]]=0, 0, IF(L41 = "Cons DD", Convert_to_Games[[#This Row],[DD]], L41+L41)) -> 1099511627776
A43: vertical | B43: 256 | C43: tape-magnet | D43: 46078 | E43: 266 | F43: CJ | G43: 3 | H43: Joshua | I43: 16 | J43: 0 | K43: =IF(Convert_to_Games[[#This Row],[Total Score]]>9, 1, 0) -> 1 | L43: =IF(Convert_to_Games[[#This Row],[DD]]=0, 0, IF(L42 = "Cons DD", Convert_to_Games[[#This Row],[DD]], L42+L42)) -> 2199023255552
A44: vertical | B44: 256 | C44: tape-magnet | D44: 46197 | E44: 287 | F44: JC | G44: 4 | H44: Caleb | I44: 16 | J44: 1 | K44: =IF(Convert_to_Games[[#This Row],[Total Score]]>9, 1, 0) -> 1 | L44: =IF(Convert_to_Games[[#This Row],[DD]]=0, 0, IF(L43 = "Cons DD", Convert_to_Games[[#This Row],[DD]], L43+L43)) -> 4398046511104
A45: vertical | B45: mid | C45: magnet | D45: 45756 | E45: 39 | F45: CJ | G45: 3 | H45: Caleb | I45: 15 | J45: 1 | K45: =IF(Convert_to_Games[[#This Row],[Total Score]]>9, 1, 0) -> 1 | L45: =IF(Convert_to_Games[[#This Row],[DD]]=0, 0, IF(L44 = "Cons DD", Convert_to_Games[[#This Row],[DD]], L44+L44)) -> 8796093022208
A46: vertical | B46: low | C46: magnet | D46: 45841 | E46: 147 | F46: JBC | G46: 3 | H46: Caleb | I46: 15 | J46: 1 | K46: =IF(Convert_to_Games[[#This Row],[Total Score]]>9, 1, 0) -> 1 | L46: =IF(Convert_to_Games[[#This Row],[DD]]=0, 0, IF(L45 = "Cons DD", Convert_to_Games[[#This Row],[DD]], L45+L45)) -> 17592186044416
A47: vertical | B47: mid | C47: magnet | D47: 45849 | E47: 161 | F47: BC | G47: 3 | H47: Caleb | I47: 15 | J47: 1 | K47: =IF(Convert_to_Games[[#This Row],[Total Score]]>9, 1, 0) -> 1 | L47: =IF(Convert_to_Games[[#This Row],[DD]]=0, 0, IF(L46 = "Cons DD", Convert_to_Games[[#This Row],[DD]], L46+L46)) -> 35184372088832
A48: vertical | B48: 256 | C48: tape-magnet | D48: 45894 | E48: 210 | F48: CJ | G48: 3 | H48: Caleb | I48: 15 | J48: 1 | K48: =IF(Convert_to_Games[[#This Row],[Total Score]]>9, 1, 0) -> 1 | L48: =IF(Convert_to_Games[[#This Row],[DD]]=0, 0, IF(L47 = "Cons DD", Convert_to_Games[[#This Row],[DD]], L47+L47)) -> 70368744177664
A49: vertical | B49: 256 | C49: tape-magnet | D49: 45897 | E49: 212 | F49: CJ | G49: 3 | H49: Caleb | I49: 15 | J49: 1 | K49: =IF(Convert_to_Games[[#This Row],[Total Score]]>9, 1, 0) -> 1 | L49: =IF(Convert_to_Games[[#This Row],[DD]]=0, 0, IF(L48 = "Cons DD", Convert_to_Games[[#This Row],[DD]], L48+L48)) -> 140737488355328
A50: vertical | B50: 256 | C50: tape-magnet | D50: 45930 | E50: 228 | F50: CJ | G50: 3 | H50: Caleb | I50: 15 | J50: 1 | K50: =IF(Convert_to_Games[[#This Row],[Total Score]]>9, 1, 0) -> 1 | L50: =IF(Convert_to_Games[[#This Row],[DD]]=0, 0, IF(L49 = "Cons DD", Convert_to_Games[[#This Row],[DD]], L49+L49)) -> 281474976710656
A51: vertical | B51: 256 | C51: tape-magnet | D51: 45931 | E51: 229 | F51: CJ | G51: 3 | H51: Caleb | I51: 15 | J51: 1 | K51: =IF(Convert_to_Games[[#This Row],[Total Score]]>9, 1, 0) -> 1 | L51: =IF(Convert_to_Games[[#This Row],[DD]]=0, 0, IF(L50 = "Cons DD", Convert_to_Games[[#This Row],[DD]], L50+L50)) -> 562949953421312
A52: vertical | B52: 256 | C52: tape-magnet | D52: 45958 | E52: 236 | F52: JC | G52: 5 | H52: Caleb | I52: 15 | J52: 1 | K52: =IF(Convert_to_Games[[#This Row],[Total Score]]>9, 1, 0) -> 1 | L52: =IF(Convert_to_Games[[#This Row],[DD]]=0, 0, IF(L51 = "Cons DD", Convert_to_Games[[#This Row],[DD]], L51+L51)) -> 1.1258999e+15
A53: vertical | B53: 256 | C53: tape-magnet | D53: 45992 | E53: 244 | F53: CJ | G53: 5 | H53: Caleb | I53: 15 | J53: 0 | K53: =IF(Convert_to_Games[[#This Row],[Total Score]]>9, 1, 0) -> 1 | L53: =IF(Convert_to_Games[[#This Row],[DD]]=0, 0, IF(L52 = "Cons DD", Convert_to_Games[[#This Row],[DD]], L52+L52)) -> 2.2517998e+15
A54: vertical | B54: 256 | C54: tape-magnet | D54: 45996 | E54: 248 | F54: CJ | G54: 3 | H54: Caleb | I54: 15 | J54: 1 | K54: =IF(Convert_to_Games[[#This Row],[Total Score]]>9, 1, 0) -> 1 | L54: =IF(Convert_to_Games[[#This Row],[DD]]=0, 0, IF(L53 = "Cons DD", Convert_to_Games[[#This Row],[DD]], L53+L53)) -> 4.5035996e+15
A55: vertical | B55: 256 | C55: tape-magnet | D55: 45999 | E55: 249 | F55: CJQ | G55: 3 | H55: Joshua | I55: 15 | J55: 1 | K55: =IF(Convert_to_Games[[#This Row],[Total Score]]>9, 1, 0) -> 1 | L55: =IF(Convert_to_Games[[#This Row],[DD]]=0, 0, IF(L54 = "Cons DD", Convert_to_Games[[#This Row],[DD]], L54+L54)) -> 9.0071993e+15
A56: vertical | B56: 256 | C56: tape-magnet | D56: 46058 | E56: 260 | F56: JC | G56: 4 | H56: Joshua | I56: 15 | J56: 0 | K56: =IF(Convert_to_Games[[#This Row],[Total Score]]>9, 1, 0) -> 1 | L56: =IF(Convert_to_Games[[#This Row],[DD]]=0, 0, IF(L55 = "Cons DD", Convert_to_Games[[#This Row],[DD]], L55+L55)) -> 1.8014399e+16
A57: vertical | B57: 256 | C57: tape-magnet | D57: 46085 | E57: 269 | F57: CQJ | G57: 3 | H57: Caleb | I57: 15 | J57: 1 | K57: =IF(Convert_to_Games[[#This Row],[Total Score]]>9, 1, 0) -> 1 | L57: =IF(Convert_to_Games[[#This Row],[DD]]=0, 0, IF(L56 = "Cons DD", Convert_to_Games[[#This Row],[DD]], L56+L56)) -> 3.6028797e+16
A58: vertical | B58: mid | C58: magnet | D58: 45714 | E58: 11 | F58: DCJ | G58: 3 | H58: Caleb | I58: 14 | J58: 1 | K58: =IF(Convert_to_Games[[#This Row],[Total Score]]>9, 1, 0) -> 1 | L58: =IF(Convert_to_Games[[#This Row],[DD]]=0, 0, IF(L57 = "Cons DD", Convert_to_Games[[#This Row],[DD]], L57+L57)) -> 7.2057594e+16
A59: vertical | B59: mid | C59: magnet | D59: 45784 | E59: 93 | F59: CJ | G59: 3 | H59: Caleb | I59: 14 | J59: 1 | K59: =IF(Convert_to_Games[[#This Row],[Total Score]]>9, 1, 0) -> 1 | L59: =IF(Convert_to_Games[[#This Row],[DD]]=0, 0, IF(L58 = "Cons DD", Convert_to_Games[[#This Row],[DD]], L58+L58)) -> 1.4411519e+17
A60: vertical | B60: high | C60: magnet | D60: 45825 | E60: 115 | F60: CJQ | G60: 3 | H60: Caleb | I60: 14 | J60: 1 | K60: =IF(Convert_to_Games[[#This Row],[Total Score]]>9, 1, 0) -> 1 | L60: =IF(Convert_to_Games[[#This Row],[DD]]=0, 0, IF(L59 = "Cons DD", Convert_to_Games[[#This Row],[DD]], L59+L59)) -> 2.8823038e+17
A61: vertical | B61: low | C61: magnet | D61: 45826 | E61: 117 | F61: CJ | G61: 3 | H61: Caleb | I61: 14 | J61: 1 | K61: =IF(Convert_to_Games[[#This Row],[Total Score]]>9, 1, 0) -> 1 | L61: =IF(Convert_to_Games[[#This Row],[DD]]=0, 0, IF(L60 = "Cons DD", Convert_to_Games[[#This Row],[DD]], L60+L60)) -> 5.7646075e+17
A62: vertical | B62: mid | C62: magnet | D62: 45833 | E62: 130 | F62: BJC | G62: 3 | H62: Caleb | I62: 14 | J62: 1 | K62: =IF(Convert_to_Games[[#This Row],[Total Score]]>9, 1, 0) -> 1 | L62: =IF(Convert_to_Games[[#This Row],[DD]]=0, 0, IF(L61 = "Cons DD", Convert_to_Games[[#This Row],[DD]], L61+L61)) -> 1.1529215e+18
A63: vertical | B63: mid | C63: magnet | D63: 45839 | E63: 140 | F63: JBC | G63: 4 | H63: Joshua | I63: 14 | J63: 1 | K63: =IF(Convert_to_Games[[#This Row],[Total Score]]>9, 1, 0) -> 1 | L63: =IF(Convert_to_Games[[#This Row],[DD]]=0, 0, IF(L62 = "Cons DD", Convert_to_Games[[#This Row],[DD]], L62+L62)) -> 2.305843e+18
A64: vertical | B64: high | C64: magnet | D64: 45839 | E64: 141 | F64: CJQ | G64: 3 | H64: Joshua | I64: 14 | J64: 1 | K64: =IF(Convert_to_Games[[#This Row],[Total Score]]>9, 1, 0) -> 1 | L64: =IF(Convert_to_Games[[#This Row],[DD]]=0, 0, IF(L63 = "Cons DD", Convert_to_Games[[#This Row],[DD]], L63+L63)) -> 4.611686e+18
A65: vertical | B65: mid | C65: tape-magnet | D65: 45876 | E65: 200 | F65: JC | G65: 3 | H65: Caleb | I65: 14 | J65: 1 | K65: =IF(Convert_to_Games[[#This Row],[Total Score]]>9, 1, 0) -> 1 | L65: =IF(Convert_to_Games[[#This Row],[DD]]=0, 0, IF(L64 = "Cons DD", Convert_to_Games[[#This Row],[DD]], L64+L64)) -> 9.223372e+18
A66: vertical | B66: 256 | C66: tape-magnet | D66: 45882 | E66: 204 | F66: CJ | G66: 4 | H66: Joshua | I66: 14 | J66: 0 | K66: =IF(Convert_to_Games[[#This Row],[Total Score]]>9, 1, 0) -> 1 | L66: =IF(Convert_to_Games[[#This Row],[DD]]=0, 0, IF(L65 = "Cons DD", Convert_to_Games[[#This Row],[DD]], L65+L65)) -> 1.8446744e+19
A67: vertical | B67: 256 | C67: tape-magnet | D67: 45898 | E67: 213 | F67: JCQ | G67: 3 | H67: Caleb | I67: 14 | J67: 1 | K67: =IF(Convert_to_Games[[#This Row],[Total Score]]>9, 1, 0) -> 1 | L67: =IF(Convert_to_Games[[#This Row],[DD]]=0, 0, IF(L66 = "Cons DD", Convert_to_Games[[#This Row],[DD]], L66+L66)) -> 3.6893488e+19
A68: vertical | B68: 256 | C68: tape-magnet | D68: 45903 | E68: 215 | F68: CJ | G68: 3 | H68: Caleb | I68: 14 | J68: 1 | K68: =IF(Convert_to_Games[[#This Row],[Total Score]]>9, 1, 0) -> 1 | L68: =IF(Convert_to_Games[[#This Row],[DD]]=0, 0, IF(L67 = "Cons DD", Convert_to_Games[[#This Row],[DD]], L67+L67)) -> 7.3786976e+19
A69: vertical | B69: 256 | C69: tape-magnet | D69: 45918 | E69: 222 | F69: JC | G69: 3 | H69: Caleb | I69: 14 | J69: 1 | K69: =IF(Convert_to_Games[[#This Row],[Total Score]]>9, 1, 0) -> 1 | L69: =IF(Convert_to_Games[[#This Row],[DD]]=0, 0, IF(L68 = "Cons DD", Convert_to_Games[[#This Row],[DD]], L68+L68)) -> 1.4757395e+20
A70: vertical | B70: 256 | C70: tape-magnet | D70: 45923 | E70: 224 | F70: JC | G70: 3 | H70: Caleb | I70: 14 | J70: 1 | K70: =IF(Convert_to_Games[[#This Row],[Total Score]]>9, 1, 0) -> 1 | L70: =IF(Convert_to_Games[[#This Row],[DD]]=0, 0, IF(L69 = "Cons DD", Convert_to_Games[[#This Row],[DD]], L69+L69)) -> 2.9514791e+20
A71: vertical | B71: 256 | C71: tape-magnet | D71: 45958 | E71: 236 | F71: JC | G71: 5 | H71: Joshua | I71: 14 | J71: 0 | K71: =IF(Convert_to_Games[[#This Row],[Total Score]]>9, 1, 0) -> 1 | L71: =IF(Convert_to_Games[[#This Row],[DD]]=0, 0, IF(L70 = "Cons DD", Convert_to_Games[[#This Row],[DD]], L70+L70)) -> 5.9029581e+20
A72: vertical | B72: 256 | C72: tape-magnet | D72: 45973 | E72: 240 | F72: QCJ | G72: 3 | H72: Caleb | I72: 14 | J72: 1 | K72: =IF(Convert_to_Games[[#This Row],[Total Score]]>9, 1, 0) -> 1 | L72: =IF(Convert_to_Games[[#This Row],[DD]]=0, 0, IF(L71 = "Cons DD", Convert_to_Games[[#This Row],[DD]], L71+L71)) -> 1.1805916e+21
A73: vertical | B73: 256 | C73: tape-magnet | D73: 45981 | E73: 242 | F73: CJ | G73: 3 | H73: Caleb | I73: 14 | J73: 1 | K73: =IF(Convert_to_Games[[#This Row],[Total Score]]>9, 1, 0) -> 1 | L73: =IF(Convert_to_Games[[#This Row],[DD]]=0, 0, IF(L72 = "Cons DD", Convert_to_Games[[#This Row],[DD]], L72+L72)) -> 2.3611832e+21
A74: vertical | B74: 256 | C74: tape-magnet | D74: 45993 | E74: 245 | F74: JC | G74: 3 | H74: Caleb | I74: 14 | J74: 1 | K74: =IF(Convert_to_Games[[#This Row],[Total Score]]>9, 1, 0) -> 1 | L74: =IF(Convert_to_Games[[#This Row],[DD]]=0, 0, IF(L73 = "Cons DD", Convert_to_Games[[#This Row],[DD]], L73+L73)) -> 4.7223665e+21
A75: vertical | B75: 256 | C75: tape-magnet | D75: 46084 | E75: 268 | F75: JC | G75: 3 | H75: Caleb | I75: 14 | J75: 1 | K75: =IF(Convert_to_Games[[#This Row],[Total Score]]>9, 1, 0) -> 1 | L75: =IF(Convert_to_Games[[#This Row],[DD]]=0, 0, IF(L74 = "Cons DD", Convert_to_Games[[#This Row],[DD]], L74+L74)) -> 9.444733e+21
A76: vertical | B76: 256 | C76: tape-magnet | D76: 46094 | E76: 275 | F76: CJ | G76: 4 | H76: Joshua | I76: 14 | J76: 0 | K76: =IF(Convert_to_Games[[#This Row],[Total Score]]>9, 1, 0) -> 1 | L76: =IF(Convert_to_Games[[#This Row],[DD]]=0, 0, IF(L75 = "Cons DD", Convert_to_Games[[#This Row],[DD]], L75+L75)) -> 1.8889466e+22
A77: vertical | B77: 256 | C77: tape-magnet | D77: 46108 | E77: 278 | F77: JC | G77: 4 | H77: Caleb | I77: 14 | J77: 1 | K77: =IF(Convert_to_Games[[#This Row],[Total Score]]>9, 1, 0) -> 1 | L77: =IF(Convert_to_Games[[#This Row],[DD]]=0, 0, IF(L76 = "Cons DD", Convert_to_Games[[#This Row],[DD]], L76+L76)) -> 3.7778932e+22
A78: vertical | B78: high | C78: magnet | D78: 45769 | E78: 61 | F78: CJ | G78: 3 | H78: Caleb | I78: 13 | J78: 1 | K78: =IF(Convert_to_Games[[#This Row],[Total Score]]>9, 1, 0) -> 1 | L78: =IF(Convert_to_Games[[#This Row],[DD]]=0, 0, IF(L77 = "Cons DD", Convert_to_Games[[#This Row],[DD]], L77+L77)) -> 7.5557864e+22
A79: vertical | B79: high | C79: magnet | D79: 45772 | E79: 71 | F79: CJ | G79: 3 | H79: Caleb | I79: 13 | J79: 1 | K79: =IF(Convert_to_Games[[#This Row],[Total Score]]>9, 1, 0) -> 1 | L79: =IF(Convert_to_Games[[#This Row],[DD]]=0, 0, IF(L78 = "Cons DD", Convert_to_Games[[#This Row],[DD]], L78+L78)) -> 1.5111573e+23
A80: vertical | B80: mid | C80: magnet | D80: 45827 | E80: 119 | F80: JC | G80: 3 | H80: Joshua | I80: 13 | J80: 1 | K80: =IF(Convert_to_Games[[#This Row],[Total Score]]>9, 1, 0) -> 1 | L80: =IF(Convert_to_Games[[#This Row],[DD]]=0, 0, IF(L79 = "Cons DD", Convert_to_Games[[#This Row],[DD]], L79+L79)) -> 3.0223145e+23
A81: vertical | B81: high | C81: magnet | D81: 45838 | E81: 138 | F81: BJC | G81: 3 | H81: Caleb | I81: 13 | J81: 1 | K81: =IF(Convert_to_Games[[#This Row],[Total Score]]>9, 1, 0) -> 1 | L81: =IF(Convert_to_Games[[#This Row],[DD]]=0, 0, IF(L80 = "Cons DD", Convert_to_Games[[#This Row],[DD]], L80+L80)) -> 6.0446291e+23
A82: vertical | B82: high | C82: magnet | D82: 45841 | E82: 146 | F82: BCJ | G82: 3 | H82: Joshua | I82: 13 | J82: 1 | K82: =IF(Convert_to_Games[[#This Row],[Total Score]]>9, 1, 0) -> 1 | L82: =IF(Convert_to_Games[[#This Row],[DD]]=0, 0, IF(L81 = "Cons DD", Convert_to_Games[[#This Row],[DD]], L81+L81)) -> 1.2089258e+24
A83: vertical | B83: mid | C83: magnet | D83: 45848 | E83: 156 | F83: CB | G83: 3 | H83: Caleb | I83: 13 | J83: 1 | K83: =IF(Convert_to_Games[[#This Row],[Total Score]]>9, 1, 0) -> 1 | L83: =IF(Convert_to_Games[[#This Row],[DD]]=0, 0, IF(L82 = "Cons DD", Convert_to_Games[[#This Row],[DD]], L82+L82)) -> 2.4178516e+24
A84: vertical | B84: mid | C84: tape-magnet | D84: 45868 | E84: 187 | F84: JC | G84: 3 | H84: Caleb | I84: 13 | J84: 1 | K84: =IF(Convert_to_Games[[#This Row],[Total Score]]>9, 1, 0) -> 1 | L84: =IF(Convert_to_Games[[#This Row],[DD]]=0, 0, IF(L83 = "Cons DD", Convert_to_Games[[#This Row],[DD]], L83+L83)) -> 4.8357033e+24
A85: vertical | B85: mid | C85: tape-magnet | D85: 45873 | E85: 196 | F85: CJ | G85: 3 | H85: Caleb | I85: 13 | J85: 1 | K85: =IF(Convert_to_Games[[#This Row],[Total Score]]>9, 1, 0) -> 1 | L85: =IF(Convert_to_Games[[#This Row],[DD]]=0, 0, IF(L84 = "Cons DD", Convert_to_Games[[#This Row],[DD]], L84+L84)) -> 9.6714066e+24
A86: vertical | B86: 256 | C86: tape-magnet | D86: 45881 | E86: 203 | F86: JCV | G86: 3 | H86: Joshua | I86: 13 | J86: 0 | K86: =IF(Convert_to_Games[[#This Row],[Total Score]]>9, 1, 0) -> 1 | L86: =IF(Convert_to_Games[[#This Row],[DD]]=0, 0, IF(L85 = "Cons DD", Convert_to_Games[[#This Row],[DD]], L85+L85)) -> 1.9342813e+25
A87: vertical | B87: 256 | C87: tape-magnet | D87: 45953 | E87: 234 | F87: JC | G87: 3 | H87: Joshua | I87: 13 | J87: 1 | K87: =IF(Convert_to_Games[[#This Row],[Total Score]]>9, 1, 0) -> 1 | L87: =IF(Convert_to_Games[[#This Row],[DD]]=0, 0, IF(L86 = "Cons DD", Convert_to_Games[[#This Row],[DD]], L86+L86)) -> 3.8685626e+25
A88: vertical | B88: 256 | C88: tape-magnet | D88: 45972 | E88: 239 | F88: JCQ | G88: 3 | H88: Quadri | I88: 13 | J88: 1 | K88: =IF(Convert_to_Games[[#This Row],[Total Score]]>9, 1, 0) -> 1 | L88: =IF(Convert_to_Games[[#This Row],[DD]]=0, 0, IF(L87 = "Cons DD", Convert_to_Games[[#This Row],[DD]], L87+L87)) -> 7.7371252e+25
A89: vertical | B89: 256 | C89: tape-magnet | D89: 45982 | E89: 243 | F89: CJ | G89: 3 | H89: Joshua | I89: 13 | J89: 1 | K89: =IF(Convert_to_Games[[#This Row],[Total Score]]>9, 1, 0) -> 1 | L89: =IF(Convert_to_Games[[#This Row],[DD]]=0, 0, IF(L88 = "Cons DD", Convert_to_Games[[#This Row],[DD]], L88+L88)) -> 1.547425e+26
A90: vertical | B90: 256 | C90: tape-magnet | D90: 45994 | E90: 246 | F90: JC | G90: 3 | H90: Caleb | I90: 13 | J90: 1 | K90: =IF(Convert_to_Games[[#This Row],[Total Score]]>9, 1, 0) -> 1 | L90: =IF(Convert_to_Games[[#This Row],[DD]]=0, 0, IF(L89 = "Cons DD", Convert_to_Games[[#This Row],[DD]], L89+L89)) -> 3.0948501e+26
A91: vertical | B91: 256 | C91: tape-magnet | D91: 45999 | E91: 250 | F91: QJC | G91: 4 | H91: Caleb | I91: 13 | J91: 0 | K91: =IF(Convert_to_Games[[#This Row],[Total Score]]>9, 1, 0) -> 1 | L91: =IF(Convert_to_Games[[#This Row],[DD]]=0, 0, IF(L90 = "Cons DD", Convert_to_Games[[#This Row],[DD]], L90+L90)) -> 6.1897002e+26
A92: vertical | B92: 256 | C92: tape-magnet | D92: 46000 | E92: 251 | F92: CJ | G92: 3 | H92: Caleb | I92: 13 | J92: 1 | K92: =IF(Convert_to_Games[[#This Row],[Total Score]]>9, 1, 0) -> 1 | L92: =IF(Convert_to_Games[[#This Row],[DD]]=0, 0, IF(L91 = "Cons DD", Convert_to_Games[[#This Row],[DD]], L91+L91)) -> 1.23794e+27
A93: vertical | B93: 256 | C93: tape-magnet | D93: 46056 | E93: 259 | F93: CJ | G93: 3 | H93: Caleb | I93: 13 | J93: 1 | K93: =IF(Convert_to_Games[[#This Row],[Total Score]]>9, 1, 0) -> 1 | L93: =IF(Convert_to_Games[[#This Row],[DD]]=0, 0, IF(L92 = "Cons DD", Convert_to_Games[[#This Row],[DD]], L92+L92)) -> 2.4758801e+27
A94: vertical | B94: 256 | C94: tape-magnet | D94: 46071 | E94: 263 | F94: JC | G94: 3 | H94: Caleb | I94: 13 | J94: 1 | K94: =IF(Convert_to_Games[[#This Row],[Total Score]]>9, 1, 0) -> 1 | L94: =IF(Convert_to_Games[[#This Row],[DD]]=0, 0, IF(L93 = "Cons DD", Convert_to_Games[[#This Row],[DD]], L93+L93)) -> 4.9517602e+27
A95: vertical | B95: 256 | C95: tape-magnet | D95: 46077 | E95: 265 | F95: CJ | G95: 3 | H95: Joshua | I95: 13 | J95: 1 | K95: =IF(Convert_to_Games[[#This Row],[Total Score]]>9, 1, 0) -> 1 | L95: =IF(Convert_to_Games[[#This Row],[DD]]=0, 0, IF(L94 = "Cons DD", Convert_to_Games[[#This Row],[DD]], L94+L94)) -> 9.9035203e+27
A96: vertical | B96: 256 | C96: tape-magnet | D96: 46086 | E96: 270 | F96: JCV | G96: 3 | H96: Caleb | I96: 13 | J96: 1 | K96: =IF(Convert_to_Games[[#This Row],[Total Score]]>9, 1, 0) -> 1 | L96: =IF(Convert_to_Games[[#This Row],[DD]]=0, 0, IF(L95 = "Cons DD", Convert_to_Games[[#This Row],[DD]], L95+L95)) -> 1.9807041e+28
A97: vertical | B97: 256 | C97: tape-magnet | D97: 46197 | E97: 287 | F97: JC | G97: 4 | H97: Joshua | I97: 13 | J97: 0 | K97: =IF(Convert_to_Games[[#This Row],[Total Score]]>9, 1, 0) -> 1 | L97: =IF(Convert_to_Games[[#This Row],[DD]]=0, 0, IF(L96 = "Cons DD", Convert_to_Games[[#This Row],[DD]], L96+L96)) -> 3.9614081e+28
A98: vertical | B98: mid | C98: magnet | D98: 45741 | E98: 26 | F98: CJ | G98: 3 | H98: Caleb | I98: 12 | J98: 1 | K98: =IF(Convert_to_Games[[#This Row],[Total Score]]>9, 1, 0) -> 1 | L98: =IF(Convert_to_Games[[#This Row],[DD]]=0, 0, IF(L97 = "Cons DD", Convert_to_Games[[#This Row],[DD]], L97+L97)) -> 7.9228163e+28
A99: vertical | B99: low | C99: magnet | D99: 45768 | E99: 59 | F99: CJ | G99: 3 | H99: Caleb | I99: 12 | J99: 1 | K99: =IF(Convert_to_Games[[#This Row],[Total Score]]>9, 1, 0) -> 1 | L99: =IF(Convert_to_Games[[#This Row],[DD]]=0, 0, IF(L98 = "Cons DD", Convert_to_Games[[#This Row],[DD]], L98+L98)) -> 1.5845633e+29
A100: vertical | B100: mid | C100: magnet | D100: 45769 | E100: 60 | F100: JC | G100: 3 | H100: Joshua | I100: 12 | J100: 1 | K100: =IF(Convert_to_Games[[#This Row],[Total Score]]>9, 1, 0) -> 1 | L100: =IF(Convert_to_Games[[#This Row],[DD]]=0, 0, IF(L99 = "Cons DD", Convert_to_Games[[#This Row],[DD]], L99+L99)) -> 3.1691265e+29
A101: vertical | B101: mid | C101: magnet | D101: 45777 | E101: 80 | F101: CJQ | G101: 3 | H101: Caleb | I101: 12 | J101: 1 | K101: =IF(Convert_to_Games[[#This Row],[Total Score]]>9, 1, 0) -> 1 | L101: =IF(Convert_to_Games[[#This Row],[DD]]=0, 0, IF(L100 = "Cons DD", Convert_to_Games[[#This Row],[DD]], L100+L100)) -> 6.338253e+29
...

Sheet Records
A1: Angle | B1: Height | C1: Base | D1: Date | E1: Game | F1: Player | G1: Order | H1: Total Score | I1: Opponent | J1: Result | K1: Win | L1: Loss | M1: Tie | N1: Total Games | P1: Angle | Q1: (All)
A2: vertical | B2: mid | C2: no magnet | D2: 45707 | E2: 1 | F2: Caleb | G2: First | H2: 11 | I2: Joshua | J2: Win | K2: 1 | L2: 0 | M2: 0 | N2: 1 | P2: Height | Q2: (All)
A3: vertical | B3: mid | C3: no magnet | D3: 45707 | E3: 1 | F3: Caleb | G3: First | H3: 11 | I3: Quadri | J3: Win | K3: 1 | L3: 0 | M3: 0 | N3: 1 | P3: Base | Q3: (All)
A4: vertical | B4: mid | C4: no magnet | D4: 45707 | E4: 1 | F4: Joshua | G4: Last | H4: 1 | I4: Caleb | J4: Loss | K4: 0 | L4: 1 | M4: 0 | N4: 1 | P4: Order | Q4: (All)
A5: vertical | B5: mid | C5: no magnet | D5: 45707 | E5: 1 | F5: Joshua | G5: First | H5: 1 | I5: Quadri | J5: Tie | K5: 0 | L5: 0 | M5: 1 | N5: 1
A6: vertical | B6: mid | C6: no magnet | D6: 45707 | E6: 1 | F6: Quadri | G6: Last | H6: 1 | I6: Caleb | J6: Loss | K6: 0 | L6: 1 | M6: 0 | N6: 1 | P6: Player | Q6: Matchups | R6: Wins | S6: Ties | T6: Losses | U6: Win Rate | V6: Average Score
A7: vertical | B7: mid | C7: no magnet | D7: 45707 | E7: 1 | F7: Quadri | G7: Last | H7: 1 | I7: Joshua | J7: Tie | K7: 0 | L7: 0 | M7: 1 | N7: 1 | P7: Caleb | Q7: 21 | R7: 20 | S7: 0 | T7: 1 | U7: 0.95238095 | V7: 15.714286
A8: vertical | B8: mid | C8: no magnet | D8: 45707 | E8: 2 | F8: Caleb | G8: Last | H8: 16 | I8: Joshua | J8: Win | K8: 1 | L8: 0 | M8: 0 | N8: 1 | P8: Daniel | Q8: 1 | R8: 0 | S8: 1 | T8: 0 | U8: 0.5 | V8: 9
A9: vertical | B9: mid | C9: no magnet | D9: 45707 | E9: 2 | F9: Joshua | G9: First | H9: 0 | I9: Caleb | J9: Loss | K9: 0 | L9: 1 | M9: 0 | N9: 1 | P9: Quadri | Q9: 2 | R9: 0 | S9: 1 | T9: 1 | U9: 0.25 | V9: 4.5
A10: vertical | B10: mid | C10: no magnet | D10: 45708 | E10: 3 | F10: Caleb | G10: Last | H10: 10 | I10: Joshua | J10: Win | K10: 1 | L10: 0 | M10: 0 | N10: 1 | P10: Veronica | Q10: 1 | R10: 0 | S10: 0 | T10: 1 | U10: 0 | V10: 6
A11: vertical | B11: mid | C11: no magnet | D11: 45708 | E11: 3 | F11: Joshua | G11: First | H11: 4 | I11: Caleb | J11: Loss | K11: 0 | L11: 1 | M11: 0 | N11: 1 | P11: Grand Total | Q11: 25 | R11: 20 | S11: 2 | T11: 3 | U11: 0.84 | V11: 14.16
A12: vertical | B12: mid | C12: no magnet | D12: 45708 | E12: 4 | F12: Caleb | G12: First | H12: 4 | I12: Joshua | J12: Win | K12: 1 | L12: 0 | M12: 0 | N12: 1
A13: vertical | B13: mid | C13: no magnet | D13: 45708 | E13: 4 | F13: Joshua | G13: Last | H13: 0 | I13: Caleb | J13: Loss | K13: 0 | L13: 1 | M13: 0 | N13: 1
A14: vertical | B14: mid | C14: no magnet | D14: 45708 | E14: 4 | F14: Joshua | G14: First | H14: 0 | I14: Quadri | J14: Loss | K14: 0 | L14: 1 | M14: 0 | N14: 1
A15: vertical | B15: mid | C15: no magnet | D15: 45708 | E15: 4 | F15: Quadri | G15: Last | H15: 7 | I15: Caleb | J15: Win | K15: 1 | L15: 0 | M15: 0 | N15: 1
A16: vertical | B16: mid | C16: no magnet | D16: 45708 | E16: 4 | F16: Quadri | G16: Last | H16: 7 | I16: Joshua | J16: Win | K16: 1 | L16: 0 | M16: 0 | N16: 1
A17: vertical | B17: mid | C17: no magnet | D17: 45708 | E17: 4 | F17: Caleb | G17: First | H17: 4 | I17: Quadri | J17: Loss | K17: 0 | L17: 1 | M17: 0 | N17: 1
A18: vertical | B18: mid | C18: no magnet | D18: 45708 | E18: 5 | F18: Quadri | G18: First | H18: 3 | I18: Joshua | J18: Win | K18: 1 | L18: 0 | M18: 0 | N18: 1
A19: vertical | B19: mid | C19: no magnet | D19: 45708 | E19: 5 | F19: Quadri | G19: First | H19: 3 | I19: Caleb | J19: Loss | K19: 0 | L19: 1 | M19: 0 | N19: 1
A20: vertical | B20: mid | C20: no magnet | D20: 45708 | E20: 5 | F20: Joshua | G20: Last | H20: 1 | I20: Quadri | J20: Loss | K20: 0 | L20: 1 | M20: 0 | N20: 1
A21: vertical | B21: mid | C21: no magnet | D21: 45708 | E21: 5 | F21: Joshua | G21: First | H21: 1 | I21: Caleb | J21: Loss | K21: 0 | L21: 1 | M21: 0 | N21: 1
A22: vertical | B22: mid | C22: no magnet | D22: 45708 | E22: 5 | F22: Caleb | G22: Last | H22: 11 | I22: Quadri | J22: Win | K22: 1 | L22: 0 | M22: 0 | N22: 1
A23: vertical | B23: mid | C23: no magnet | D23: 45708 | E23: 5 | F23: Caleb | G23: Last | H23: 11 | I23: Joshua | J23: Win | K23: 1 | L23: 0 | M23: 0 | N23: 1
... A675: vertical | B675: mid | C675: tape-magnet | D675: 45876 | E675: 200 | F675: Caleb | G675: Last | H675: 14 | I675: Joshua | J675: Win | K675: 1 | L675: 0 | M675: 0 | N675: 1
A676: vertical | B676: 256 | C676: tape-magnet | D676: 45880 | E676: 201 | F676: Caleb | G676: Last | H676: 9 | I676: Joshua | J676: Win | K676: 1 | L676: 0 | M676: 0 | N676: 1
A677: vertical | B677: 256 | C677: tape-magnet | D677: 45880 | E677: 201 | F677: Joshua | G677: First | H677: 6 | I677: Caleb | J677: Loss | K677: 0 | L677: 1 | M677: 0 | N677: 1
A678: vertical | B678: 256 | C678: tape-magnet | D678: 45881 | E678: 202 | F678: Joshua | G678: Last | H678: 12 | I678: Caleb | J678: Loss | K678: 0 | L678: 1 | M678: 0 | N678: 1
A679: vertical | B679: 256 | C679: tape-magnet | D679: 45881 | E679: 202 | F679: Daniel | G679: Last | H679: 4 | I679: Joshua | J679: Loss | K679: 0 | L679: 1 | M679: 0 | N679: 1
A680: vertical | B680: 256 | C680: tape-magnet | D680: 45881 | E680: 202 | F680: Joshua | G680: First | H680: 12 | I680: Daniel | J680: Win | K680: 1 | L680: 0 | M680: 0 | N680: 1
A681: vertical | B681: 256 | C681: tape-magnet | D681: 45881 | E681: 202 | F681: Caleb | G681: First | H681: 19 | I681: Daniel | J681: Win | K681: 1 | L681: 0 | M681: 0 | N681: 1
A682: vertical | B682: 256 | C682: tape-magnet | D682: 45881 | E682: 202 | F682: Caleb | G682: First | H682: 19 | I682: Joshua | J682: Win | K682: 1 | L682: 0 | M682: 0 | N682: 1
A683: vertical | B683: 256 | C683: tape-magnet | D683: 45881 | E683: 202 | F683: Daniel | G683: Last | H683: 4 | I683: Caleb | J683: Loss | K683: 0 | L683: 1 | M683: 0 | N683: 1
A684: vertical | B684: 256 | C684: tape-magnet | D684: 45881 | E684: 203 | F684: Caleb | G684: Last | H684: 18 | I684: Joshua | J684: Win | K684: 1 | L684: 0 | M684: 0 | N684: 1
A685: vertical | B685: 256 | C685: tape-magnet | D685: 45881 | E685: 203 | F685: Caleb | G685: First | H685: 18 | I685: Veronica | J685: Win | K685: 1 | L685: 0 | M685: 0 | N685: 1
A686: vertical | B686: 256 | C686: tape-magnet | D686: 45881 | E686: 203 | F686: Joshua | G686: First | H686: 13 | I686: Caleb | J686: Loss | K686: 0 | L686: 1 | M686: 0 | N686: 1
A687: vertical | B687: 256 | C687: tape-magnet | D687: 45881 | E687: 203 | F687: Joshua | G687: First | H687: 13 | I687: Veronica | J687: Win | K687: 1 | L687: 0 | M687: 0 | N687: 1
... A915: vertical | B915: 256 | C915: tape-magnet | D915: 46198 | E915: 288 | F915: Joshua | G915: Last | H915: 10 | I915: Caleb | J915: Loss | K915: 0 | L915: 1 | M915: 0 | N915: 1

Sheet Clutch
A1: Date | B1: Game | C1: First | D1: Player | E1: Round | F1: Deficit | G1: Success
A2: 45707 | B2: 1 | C2: Caleb | D2: Joshua | E2: 3 | F2: 11 | G2: 0 | K2: Round | L2: (All)
A3: 45707 | B3: 2 | C3: Joshua | D3: Joshua | E3: 3 | F3: 13 | G3: 0 | K3: First | L3: (All)
A4: 45708 | B4: 3 | C4: Joshua | D4: Joshua | E4: 3 | F4: 7 | G4: 0
A5: 45708 | B5: 4 | C5: Caleb | D5: Joshua | E5: 3 | F5: 4 | G5: 0 | K5: Row Labels | L5: Opportunities | M5: Success Rate
A6: 45708 | B6: 5 | C6: Joshua | D6: Joshua | E6: 3 | F6: 8 | G6: 0 | K6: Caleb | L6: 6 | M6: 0.33333333
A7: 45709 | B7: 6 | C7: Joshua | D7: Joshua | E7: 3 | F7: 5 | G7: 0 | K7: Joshua | L7: 20 | M7: 0.25
A8: 45712 | B8: 7 | C8: Caleb | D8: Joshua | E8: 3 | F8: 2 | G8: 1 | K8: Grand Total | L8: 26 | M8: 0.26923077
A9: 45712 | B9: 8 | C9: Caleb | D9: Joshua | E9: 3 | F9: 4 | G9: 0
A10: 45713 | B10: 9 | C10: Caleb | D10: Joshua | E10: 3 | F10: 5 | G10: 1
A11: 45713 | B11: 10 | C11: Caleb | D11: Joshua | E11: 3 | F11: 5 | G11: 0
A12: 45714 | B12: 11 | C12: Caleb | D12: Joshua | E12: 3 | F12: 12 | G12: 0
A13: 45715 | B13: 12 | C13: Caleb | D13: Joshua | E13: 3 | F13: 9 | G13: 0
A14: 45715 | B14: 13 | C14: Caleb | D14: Joshua | E14: 3 | F14: 10 | G14: 0
A15: 45716 | B15: 14 | C15: Joshua | D15: Joshua | E15: 3 | F15: 6 | G15: 0
A16: 45716 | B16: 15 | C16: Caleb | D16: Joshua | E16: 3 | F16: 4 | G16: 0
A17: 45720 | B17: 16 | C17: Joshua | D17: Joshua | E17: 3 | F17: 8 | G17: 0
A18: 45721 | B18: 17 | C18: Joshua | D18: Joshua | E18: 3 | F18: 4 | G18: 0
A19: 45722 | B19: 18 | C19: Caleb | D19: Joshua | E19: 3 | F19: 8 | G19: 0
A20: 45722 | B20: 19 | C20: Joshua | D20: Caleb | E20: 3 | F20: 6 | G20: 0
... A394: 46202 | B394: 289 | C394: Joshua | D394: Joshua | E394: OT2 | F394: 0 | G394: 1

Sheet Next Gen
A1: Game | B1: Player | C1: Throws | D1: Board Hits | E1: Land | F1: Points | G1: Height | H1: Board | I1: Date
A2: 71 | B2: Caleb | C2: 9 | D2: 8 | E2: 5 | F2: =SUMIF(Scores!$F$2:$F$926, 'Next Gen'!$A2, INDEX(Scores!$I$2:$Q$926, 0, MATCH($B2, Scores!$I$1:$Q$1, 0))) -> 13 | G2: =INDEX(Scores!$B$2:$B$926, MATCH('Next Gen'!$A3, Scores!$F$2:$F$926, 0)) -> high | H2: =INDEX(Scores!$D$2:$D$926, MATCH('Next Gen'!$A2, Scores!$F$2:$F$926, 0)) -> Original | I2: =INDEX(Scores!$E$2:$E$926, MATCH('Next Gen'!$A3, Scores!$F$2:$F$926, 0)) -> 45772 | W2: Accuracy - Board Hits per Throw
A3: 71 | B3: Joshua | C3: 9 | D3: 9 | E3: 4 | F3: =SUMIF(Scores!$F$2:$F$926, 'Next Gen'!$A3, INDEX(Scores!$I$2:$Q$926, 0, MATCH($B3, Scores!$I$1:$Q$1, 0))) -> 8 | G3: =INDEX(Scores!$B$2:$B$926, MATCH('Next Gen'!$A2, Scores!$F$2:$F$926, 0)) -> high | H3: =INDEX(Scores!$D$2:$D$926, MATCH('Next Gen'!$A3, Scores!$F$2:$F$926, 0)) -> Original | I3: =INDEX(Scores!$E$2:$E$926, MATCH('Next Gen'!$A2, Scores!$F$2:$F$926, 0)) -> 45772 | L3: Players | M3: Games | N3: Hits | O3: Landing | P3: Accuracy | Q3: Touch | R3: Efficiency | S3: Land Rate | T3: PPT | U3: PPG | W3: Touch - Landing per Board Hit
A4: 72 | B4: Caleb | C4: 9 | D4: 9 | E4: 2 | F4: =SUMIF(Scores!$F$2:$F$926, 'Next Gen'!$A4, INDEX(Scores!$I$2:$Q$926, 0, MATCH($B4, Scores!$I$1:$Q$1, 0))) -> 4 | G4: =INDEX(Scores!$B$2:$B$926, MATCH('Next Gen'!$A5, Scores!$F$2:$F$926, 0)) -> mid | H4: =INDEX(Scores!$D$2:$D$926, MATCH('Next Gen'!$A4, Scores!$F$2:$F$926, 0)) -> Original | I4: =INDEX(Scores!$E$2:$E$926, MATCH('Next Gen'!$A5, Scores!$F$2:$F$926, 0)) -> 45775 | L4: Caleb | M4: 59 | N4: 9.2542373 | O4: 5.7457627 | P4: 0.97849462 | Q4: 0.62087912 | R4: 2.1917404 | S4: 0.60752688 | T4: 1.3315412 | U4: 11.983871 | W4: Efficiency - Points per Landing
A5: 72 | B5: Joshua | C5: 9 | D5: 5 | E5: 1 | F5: =SUMIF(Scores!$F$2:$F$926, 'Next Gen'!$A5, INDEX(Scores!$I$2:$Q$926, 0, MATCH($B5, Scores!$I$1:$Q$1, 0))) -> 1 | G5: =INDEX(Scores!$B$2:$B$926, MATCH('Next Gen'!$A4, Scores!$F$2:$F$926, 0)) -> mid | H5: =INDEX(Scores!$D$2:$D$926, MATCH('Next Gen'!$A5, Scores!$F$2:$F$926, 0)) -> Original | I5: =INDEX(Scores!$E$2:$E$926, MATCH('Next Gen'!$A4, Scores!$F$2:$F$926, 0)) -> 45775 | L5: Daniel | M5: 1 | N5: 6 | O5: 4 | P5: 0.66666667 | Q5: 0.66666667 | R5: 1 | S5: 0.44444444 | T5: 0.44444444 | U5: 4
A6: 72 | B6: Daniel | C6: 9 | D6: 3 | E6: 0 | F6: =SUMIF(Scores!$F$2:$F$926, 'Next Gen'!$A6, INDEX(Scores!$I$2:$Q$926, 0, MATCH($B6, Scores!$I$1:$Q$1, 0))) -> 0 | G6: =INDEX(Scores!$B$2:$B$926, MATCH('Next Gen'!$A6, Scores!$F$2:$F$926, 0)) -> mid | H6: =INDEX(Scores!$D$2:$D$926, MATCH('Next Gen'!$A6, Scores!$F$2:$F$926, 0)) -> Original | I6: =INDEX(Scores!$E$2:$E$926, MATCH('Next Gen'!$A6, Scores!$F$2:$F$926, 0)) -> 45775 | L6: Joshua | M6: 59 | N6: 7.7966102 | O6: 5.6779661 | P6: 0.82437276 | Q6: 0.72826087 | R6: 1.8119403 | S6: 0.60035842 | T6: 1.0878136 | U6: 9.7903226
A7: 73 | B7: Joshua | C7: 9 | D7: 6 | E7: 4 | F7: =SUMIF(Scores!$F$2:$F$926, 'Next Gen'!$A7, INDEX(Scores!$I$2:$Q$926, 0, MATCH($B7, Scores!$I$1:$Q$1, 0))) -> 10 | G7: =INDEX(Scores!$B$2:$B$926, MATCH('Next Gen'!$A8, Scores!$F$2:$F$926, 0)) -> high | H7: =INDEX(Scores!$D$2:$D$926, MATCH('Next Gen'!$A7, Scores!$F$2:$F$926, 0)) -> Original | I7: =INDEX(Scores!$E$2:$E$926, MATCH('Next Gen'!$A8, Scores!$F$2:$F$926, 0)) -> 45775 | L7: Quadri | M7: 7 | N7: 6.1428571 | O7: 3.8571429 | P7: 0.68253968 | Q7: 0.62790698 | R7: 1.8148148 | S7: 0.42857143 | T7: 0.77777778 | U7: 7
A8: 73 | B8: Caleb | C8: 9 | D8: 9 | E8: 2 | F8: =SUMIF(Scores!$F$2:$F$926, 'Next Gen'!$A8, INDEX(Scores!$I$2:$Q$926, 0, MATCH($B8, Scores!$I$1:$Q$1, 0))) -> 2 | G8: =INDEX(Scores!$B$2:$B$926, MATCH('Next Gen'!$A7, Scores!$F$2:$F$926, 0)) -> high | H8: =INDEX(Scores!$D$2:$D$926, MATCH('Next Gen'!$A8, Scores!$F$2:$F$926, 0)) -> Original | I8: =INDEX(Scores!$E$2:$E$926, MATCH('Next Gen'!$A7, Scores!$F$2:$F$926, 0)) -> 45775 | L8: Veronica | M8: 3 | N8: 4 | O8: 2.6666667 | P8: 0.44444444 | Q8: 0.66666667 | R8: 1.875 | S8: 0.2962963 | T8: 0.55555556 | U8: 5
A9: 74 | B9: Caleb | C9: 9 | D9: 6 | E9: 4 | F9: =SUMIF(Scores!$F$2:$F$926, 'Next Gen'!$A9, INDEX(Scores!$I$2:$Q$926, 0, MATCH($B9, Scores!$I$1:$Q$1, 0))) -> 7 | G9: =INDEX(Scores!$B$2:$B$926, MATCH('Next Gen'!$A10, Scores!$F$2:$F$926, 0)) -> low | H9: =INDEX(Scores!$D$2:$D$926, MATCH('Next Gen'!$A9, Scores!$F$2:$F$926, 0)) -> Original | I9: =INDEX(Scores!$E$2:$E$926, MATCH('Next Gen'!$A10, Scores!$F$2:$F$926, 0)) -> 45775 | L9: Joseph | M9: 1 | N9: 6 | O9: 3 | P9: 0.66666667 | Q9: 0.5 | R9: 1 | S9: 0.33333333 | T9: 0.33333333 | U9: 3
A10: 74 | B10: Daniel | C10: 9 | D10: 4 | E10: 3 | F10: =SUMIF(Scores!$F$2:$F$926, 'Next Gen'!$A10, INDEX(Scores!$I$2:$Q$926, 0, MATCH($B10, Scores!$I$1:$Q$1, 0))) -> 3 | G10: =INDEX(Scores!$B$2:$B$926, MATCH('Next Gen'!$A11, Scores!$F$2:$F$926, 0)) -> low | H10: =INDEX(Scores!$D$2:$D$926, MATCH('Next Gen'!$A10, Scores!$F$2:$F$926, 0)) -> Original | I10: =INDEX(Scores!$E$2:$E$926, MATCH('Next Gen'!$A11, Scores!$F$2:$F$926, 0)) -> 45775 | L10: Theo | M10: 1 | N10: 2 | O10: 2 | P10: 0.22222222 | Q10: 1 | R10: 2.5 | S10: 0.22222222 | T10: 0.55555556 | U10: 5
A11: 74 | B11: Joshua | C11: 9 | D11: 5 | E11: 1 | F11: =SUMIF(Scores!$F$2:$F$926, 'Next Gen'!$A11, INDEX(Scores!$I$2:$Q$926, 0, MATCH($B11, Scores!$I$1:$Q$1, 0))) -> 1 | G11: =INDEX(Scores!$B$2:$B$926, MATCH('Next Gen'!$A9, Scores!$F$2:$F$926, 0)) -> low | H11: =INDEX(Scores!$D$2:$D$926, MATCH('Next Gen'!$A11, Scores!$F$2:$F$926, 0)) -> Original | I11: =INDEX(Scores!$E$2:$E$926, MATCH('Next Gen'!$A9, Scores!$F$2:$F$926, 0)) -> 45775 | L11: Total | M11: 131 | N11: 8.2061069 | O11: 5.480916 | P11: 0.87185726 | Q11: 0.66790698 | R11: 1.9860724 | S11: 0.58231955 | T11: 1.1565288 | U11: 10.408759
A12: 75 | B12: Joshua | C12: 12 | D12: 8 | E12: 6 | F12: =SUMIF(Scores!$F$2:$F$926, 'Next Gen'!$A12, INDEX(Scores!$I$2:$Q$926, 0, MATCH($B12, Scores!$I$1:$Q$1, 0))) -> 8 | G12: =INDEX(Scores!$B$2:$B$926, MATCH('Next Gen'!$A13, Scores!$F$2:$F$926, 0)) -> mid | H12: =INDEX(Scores!$D$2:$D$926, MATCH('Next Gen'!$A12, Scores!$F$2:$F$926, 0)) -> Original | I12: =INDEX(Scores!$E$2:$E$926, MATCH('Next Gen'!$A13, Scores!$F$2:$F$926, 0)) -> 45775
A13: 75 | B13: Caleb | C13: 12 | D13: 12 | E13: 5 | F13: =SUMIF(Scores!$F$2:$F$926, 'Next Gen'!$A13, INDEX(Scores!$I$2:$Q$926, 0, MATCH($B13, Scores!$I$1:$Q$1, 0))) -> 10 | G13: =INDEX(Scores!$B$2:$B$926, MATCH('Next Gen'!$A12, Scores!$F$2:$F$926, 0)) -> mid | H13: =INDEX(Scores!$D$2:$D$926, MATCH('Next Gen'!$A13, Scores!$F$2:$F$926, 0)) -> Original | I13: =INDEX(Scores!$E$2:$E$926, MATCH('Next Gen'!$A12, Scores!$F$2:$F$926, 0)) -> 45775
A14: 76 | B14: Caleb | C14: 9 | D14: 8 | E14: 3 | F14: =SUMIF(Scores!$F$2:$F$926, 'Next Gen'!$A14, INDEX(Scores!$I$2:$Q$926, 0, MATCH($B14, Scores!$I$1:$Q$1, 0))) -> 5 | G14: =INDEX(Scores!$B$2:$B$926, MATCH('Next Gen'!$A14, Scores!$F$2:$F$926, 0)) -> mid | H14: =INDEX(Scores!$D$2:$D$926, MATCH('Next Gen'!$A14, Scores!$F$2:$F$926, 0)) -> Original | I14: =INDEX(Scores!$E$2:$E$926, MATCH('Next Gen'!$A14, Scores!$F$2:$F$926, 0)) -> 45776
A15: 76 | B15: Joshua | C15: 9 | D15: 6 | E15: 0 | F15: =SUMIF(Scores!$F$2:$F$926, 'Next Gen'!$A15, INDEX(Scores!$I$2:$Q$926, 0, MATCH($B15, Scores!$I$1:$Q$1, 0))) -> 0 | G15: =INDEX(Scores!$B$2:$B$926, MATCH('Next Gen'!$A15, Scores!$F$2:$F$926, 0)) -> mid | H15: =INDEX(Scores!$D$2:$D$926, MATCH('Next Gen'!$A15, Scores!$F$2:$F$926, 0)) -> Original | I15: =INDEX(Scores!$E$2:$E$926, MATCH('Next Gen'!$A15, Scores!$F$2:$F$926, 0)) -> 45776
A16: 77 | B16: Joshua | C16: 9 | D16: 5 | E16: 3 | F16: =SUMIF(Scores!$F$2:$F$926, 'Next Gen'!$A16, INDEX(Scores!$I$2:$Q$926, 0, MATCH($B16, Scores!$I$1:$Q$1, 0))) -> 5 | G16: =INDEX(Scores!$B$2:$B$926, MATCH('Next Gen'!$A17, Scores!$F$2:$F$926, 0)) -> mid | H16: =INDEX(Scores!$D$2:$D$926, MATCH('Next Gen'!$A16, Scores!$F$2:$F$926, 0)) -> Original | I16: =INDEX(Scores!$E$2:$E$926, MATCH('Next Gen'!$A17, Scores!$F$2:$F$926, 0)) -> 45776
A17: 77 | B17: Quadri | C17: 9 | D17: 5 | E17: 3 | F17: =SUMIF(Scores!$F$2:$F$926, 'Next Gen'!$A17, INDEX(Scores!$I$2:$Q$926, 0, MATCH($B17, Scores!$I$1:$Q$1, 0))) -> 8 | G17: =INDEX(Scores!$B$2:$B$926, MATCH('Next Gen'!$A18, Scores!$F$2:$F$926, 0)) -> mid | H17: =INDEX(Scores!$D$2:$D$926, MATCH('Next Gen'!$A17, Scores!$F$2:$F$926, 0)) -> Original | I17: =INDEX(Scores!$E$2:$E$926, MATCH('Next Gen'!$A18, Scores!$F$2:$F$926, 0)) -> 45776
A18: 77 | B18: Caleb | C18: 9 | D18: 9 | E18: 1 | F18: =SUMIF(Scores!$F$2:$F$926, 'Next Gen'!$A18, INDEX(Scores!$I$2:$Q$926, 0, MATCH($B18, Scores!$I$1:$Q$1, 0))) -> 1 | G18: =INDEX(Scores!$B$2:$B$926, MATCH('Next Gen'!$A16, Scores!$F$2:$F$926, 0)) -> mid | H18: =INDEX(Scores!$D$2:$D$926, MATCH('Next Gen'!$A18, Scores!$F$2:$F$926, 0)) -> Original | I18: =INDEX(Scores!$E$2:$E$926, MATCH('Next Gen'!$A16, Scores!$F$2:$F$926, 0)) -> 45776
A19: 78 | B19: Caleb | C19: 9 | D19: 8 | E19: 5 | F19: =SUMIF(Scores!$F$2:$F$926, 'Next Gen'!$A19, INDEX(Scores!$I$2:$Q$926, 0, MATCH($B19, Scores!$I$1:$Q$1, 0))) -> 9 | G19: =INDEX(Scores!$B$2:$B$926, MATCH('Next Gen'!$A19, Scores!$F$2:$F$926, 0)) -> mid | H19: =INDEX(Scores!$D$2:$D$926, MATCH('Next Gen'!$A19, Scores!$F$2:$F$926, 0)) -> Original | I19: =INDEX(Scores!$E$2:$E$926, MATCH('Next Gen'!$A19, Scores!$F$2:$F$926, 0)) -> 45776
A20: 78 | B20: Daniel | C20: 9 | D20: 6 | E20: 2 | F20: =SUMIF(Scores!$F$2:$F$926, 'Next Gen'!$A20, INDEX(Scores!$I$2:$Q$926, 0, MATCH($B20, Scores!$I$1:$Q$1, 0))) -> 4 | G20: =INDEX(Scores!$B$2:$B$926, MATCH('Next Gen'!$A20, Scores!$F$2:$F$926, 0)) -> mid | H20: =INDEX(Scores!$D$2:$D$926, MATCH('Next Gen'!$A20, Scores!$F$2:$F$926, 0)) -> Original | I20: =INDEX(Scores!$E$2:$E$926, MATCH('Next Gen'!$A20, Scores!$F$2:$F$926, 0)) -> 45776
A21: 79 | B21: Daniel | C21: 9 | D21: 5 | E21: 3 | F21: =SUMIF(Scores!$F$2:$F$926, 'Next Gen'!$A21, INDEX(Scores!$I$2:$Q$926, 0, MATCH($B21, Scores!$I$1:$Q$1, 0))) -> 5 | G21: =INDEX(Scores!$B$2:$B$926, MATCH('Next Gen'!$A24, Scores!$F$2:$F$926, 0)) -> mid | H21: =INDEX(Scores!$D$2:$D$926, MATCH('Next Gen'!$A21, Scores!$F$2:$F$926, 0)) -> Original | I21: =INDEX(Scores!$E$2:$E$926, MATCH('Next Gen'!$A24, Scores!$F$2:$F$926, 0)) -> 45776
A22: 79 | B22: Caleb | C22: 9 | D22: 7 | E22: 3 | F22: =SUMIF(Scores!$F$2:$F$926, 'Next Gen'!$A22, INDEX(Scores!$I$2:$Q$926, 0, MATCH($B22, Scores!$I$1:$Q$1, 0))) -> 7 | G22: =INDEX(Scores!$B$2:$B$926, MATCH('Next Gen'!$A21, Scores!$F$2:$F$926, 0)) -> mid | H22: =INDEX(Scores!$D$2:$D$926, MATCH('Next Gen'!$A22, Scores!$F$2:$F$926, 0)) -> Original | I22: =INDEX(Scores!$E$2:$E$926, MATCH('Next Gen'!$A21, Scores!$F$2:$F$926, 0)) -> 45776
A23: 79 | B23: Joshua | C23: 9 | D23: 6 | E23: 1 | F23: =SUMIF(Scores!$F$2:$F$926, 'Next Gen'!$A23, INDEX(Scores!$I$2:$Q$926, 0, MATCH($B23, Scores!$I$1:$Q$1, 0))) -> 1 | G23: =INDEX(Scores!$B$2:$B$926, MATCH('Next Gen'!$A22, Scores!$F$2:$F$926, 0)) -> mid | H23: =INDEX(Scores!$D$2:$D$926, MATCH('Next Gen'!$A23, Scores!$F$2:$F$926, 0)) -> Original | I23: =INDEX(Scores!$E$2:$E$926, MATCH('Next Gen'!$A22, Scores!$F$2:$F$926, 0)) -> 45776
A24: 79 | B24: Quadri | C24: 9 | D24: 2 | E24: 1 | F24: =SUMIF(Scores!$F$2:$F$926, 'Next Gen'!$A24, INDEX(Scores!$I$2:$Q$926, 0, MATCH($B24, Scores!$I$1:$Q$1, 0))) -> 1 | G24: =INDEX(Scores!$B$2:$B$926, MATCH('Next Gen'!$A23, Scores!$F$2:$F$926, 0)) -> mid | H24: =INDEX(Scores!$D$2:$D$926, MATCH('Next Gen'!$A24, Scores!$F$2:$F$926, 0)) -> Original | I24: =INDEX(Scores!$E$2:$E$926, MATCH('Next Gen'!$A23, Scores!$F$2:$F$926, 0)) -> 45776
A25: 80 | B25: Caleb | C25: 9 | D25: 8 | E25: 6 | F25: =SUMIF(Scores!$F$2:$F$926, 'Next Gen'!$A25, INDEX(Scores!$I$2:$Q$926, 0, MATCH($B25, Scores!$I$1:$Q$1, 0))) -> 12 | G25: =INDEX(Scores!$B$2:$B$926, MATCH('Next Gen'!$A27, Scores!$F$2:$F$926, 0)) -> mid | H25: =INDEX(Scores!$D$2:$D$926, MATCH('Next Gen'!$A25, Scores!$F$2:$F$926, 0)) -> Original | I25: =INDEX(Scores!$E$2:$E$926, MATCH('Next Gen'!$A27, Scores!$F$2:$F$926, 0)) -> 45777
A26: 80 | B26: Quadri | C26: 9 | D26: 4 | E26: 3 | F26: =SUMIF(Scores!$F$2:$F$926, 'Next Gen'!$A26, INDEX(Scores!$I$2:$Q$926, 0, MATCH($B26, Scores!$I$1:$Q$1, 0))) -> 4 | G26: =INDEX(Scores!$B$2:$B$926, MATCH('Next Gen'!$A26, Scores!$F$2:$F$926, 0)) -> mid | H26: =INDEX(Scores!$D$2:$D$926, MATCH('Next Gen'!$A26, Scores!$F$2:$F$926, 0)) -> Original | I26: =INDEX(Scores!$E$2:$E$926, MATCH('Next Gen'!$A26, Scores!$F$2:$F$926, 0)) -> 45777
A27: 80 | B27: Joshua | C27: 9 | D27: 6 | E27: 2 | F27: =SUMIF(Scores!$F$2:$F$926, 'Next Gen'!$A27, INDEX(Scores!$I$2:$Q$926, 0, MATCH($B27, Scores!$I$1:$Q$1, 0))) -> 3 | G27: =INDEX(Scores!$B$2:$B$926, MATCH('Next Gen'!$A25, Scores!$F$2:$F$926, 0)) -> mid | H27: =INDEX(Scores!$D$2:$D$926, MATCH('Next Gen'!$A27, Scores!$F$2:$F$926, 0)) -> Original | I27: =INDEX(Scores!$E$2:$E$926, MATCH('Next Gen'!$A25, Scores!$F$2:$F$926, 0)) -> 45777
A28: 81 | B28: Caleb | C28: 9 | D28: 8 | E28: 4 | F28: =SUMIF(Scores!$F$2:$F$926, 'Next Gen'!$A28, INDEX(Scores!$I$2:$Q$926, 0, MATCH($B28, Scores!$I$1:$Q$1, 0))) -> 6 | G28: =INDEX(Scores!$B$2:$B$926, MATCH('Next Gen'!$A28, Scores!$F$2:$F$926, 0)) -> high | H28: =INDEX(Scores!$D$2:$D$926, MATCH('Next Gen'!$A28, Scores!$F$2:$F$926, 0)) -> Original | I28: =INDEX(Scores!$E$2:$E$926, MATCH('Next Gen'!$A28, Scores!$F$2:$F$926, 0)) -> 45777
A29: 81 | B29: Joshua | C29: 9 | D29: 4 | E29: 0 | F29: =SUMIF(Scores!$F$2:$F$926, 'Next Gen'!$A29, INDEX(Scores!$I$2:$Q$926, 0, MATCH($B29, Scores!$I$1:$Q$1, 0))) -> 0 | G29: =INDEX(Scores!$B$2:$B$926, MATCH('Next Gen'!$A29, Scores!$F$2:$F$926, 0)) -> high | H29: =INDEX(Scores!$D$2:$D$926, MATCH('Next Gen'!$A29, Scores!$F$2:$F$926, 0)) -> Original | I29: =INDEX(Scores!$E$2:$E$926, MATCH('Next Gen'!$A29, Scores!$F$2:$F$926, 0)) -> 45777
A30: 82 | B30: Caleb | C30: 9 | D30: 8 | E30: 6 | F30: =SUMIF(Scores!$F$2:$F$926, 'Next Gen'!$A30, INDEX(Scores!$I$2:$Q$926, 0, MATCH($B30, Scores!$I$1:$Q$1, 0))) -> 12 | G30: =INDEX(Scores!$B$2:$B$926, MATCH('Next Gen'!$A30, Scores!$F$2:$F$926, 0)) -> low | H30: =INDEX(Scores!$D$2:$D$926, MATCH('Next Gen'!$A30, Scores!$F$2:$F$926, 0)) -> Original | I30: =INDEX(Scores!$E$2:$E$926, MATCH('Next Gen'!$A30, Scores!$F$2:$F$926, 0)) -> 45777
A31: 82 | B31: Daniel | C31: 9 | D31: 3 | E31: 2 | F31: =SUMIF(Scores!$F$2:$F$926, 'Next Gen'!$A31, INDEX(Scores!$I$2:$Q$926, 0, MATCH($B31, Scores!$I$1:$Q$1, 0))) -> 2 | G31: =INDEX(Scores!$B$2:$B$926, MATCH('Next Gen'!$A31, Scores!$F$2:$F$926, 0)) -> low | H31: =INDEX(Scores!$D$2:$D$926, MATCH('Next Gen'!$A31, Scores!$F$2:$F$926, 0)) -> Original | I31: =INDEX(Scores!$E$2:$E$926, MATCH('Next Gen'!$A31, Scores!$F$2:$F$926, 0)) -> 45777
A32: 82 | B32: Joshua | C32: 9 | D32: 7 | E32: 2 | F32: =SUMIF(Scores!$F$2:$F$926, 'Next Gen'!$A32, INDEX(Scores!$I$2:$Q$926, 0, MATCH($B32, Scores!$I$1:$Q$1, 0))) -> 5 | G32: =INDEX(Scores!$B$2:$B$926, MATCH('Next Gen'!$A32, Scores!$F$2:$F$926, 0)) -> low | H32: =INDEX(Scores!$D$2:$D$926, MATCH('Next Gen'!$A32, Scores!$F$2:$F$926, 0)) -> Original | I32: =INDEX(Scores!$E$2:$E$926, MATCH('Next Gen'!$A32, Scores!$F$2:$F$926, 0)) -> 45777
A33: 83 | B33: Caleb | C33: 9 | D33: 9 | E33: 6 | F33: =SUMIF(Scores!$F$2:$F$926, 'Next Gen'!$A33, INDEX(Scores!$I$2:$Q$926, 0, MATCH($B33, Scores!$I$1:$Q$1, 0))) -> 12 | G33: =INDEX(Scores!$B$2:$B$926, MATCH('Next Gen'!$A33, Scores!$F$2:$F$926, 0)) -> mid | H33: =INDEX(Scores!$D$2:$D$926, MATCH('Next Gen'!$A33, Scores!$F$2:$F$926, 0)) -> Original | I33: =INDEX(Scores!$E$2:$E$926, MATCH('Next Gen'!$A33, Scores!$F$2:$F$926, 0)) -> 45777
A34: 83 | B34: Joshua | C34: 9 | D34: 5 | E34: 3 | F34: =SUMIF(Scores!$F$2:$F$926, 'Next Gen'!$A34, INDEX(Scores!$I$2:$Q$926, 0, MATCH($B34, Scores!$I$1:$Q$1, 0))) -> 5 | G34: =INDEX(Scores!$B$2:$B$926, MATCH('Next Gen'!$A34, Scores!$F$2:$F$926, 0)) -> mid | H34: =INDEX(Scores!$D$2:$D$926, MATCH('Next Gen'!$A34, Scores!$F$2:$F$926, 0)) -> Original | I34: =INDEX(Scores!$E$2:$E$926, MATCH('Next Gen'!$A34, Scores!$F$2:$F$926, 0)) -> 45777
A35: 84 | B35: Caleb | C35: 9 | D35: 9 | E35: 5 | F35: =SUMIF(Scores!$F$2:$F$926, 'Next Gen'!$A35, INDEX(Scores!$I$2:$Q$926, 0, MATCH($B35, Scores!$I$1:$Q$1, 0))) -> 10 | G35: =INDEX(Scores!$B$2:$B$926, MATCH('Next Gen'!$A35, Scores!$F$2:$F$926, 0)) -> mid | H35: =INDEX(Scores!$D$2:$D$926, MATCH('Next Gen'!$A35, Scores!$F$2:$F$926, 0)) -> Original | I35: =INDEX(Scores!$E$2:$E$926, MATCH('Next Gen'!$A35, Scores!$F$2:$F$926, 0)) -> 45778
A36: 84 | B36: Joshua | C36: 9 | D36: 4 | E36: 3 | F36: =SUMIF(Scores!$F$2:$F$926, 'Next Gen'!$A36, INDEX(Scores!$I$2:$Q$926, 0, MATCH($B36, Scores!$I$1:$Q$1, 0))) -> 5 | G36: =INDEX(Scores!$B$2:$B$926, MATCH('Next Gen'!$A36, Scores!$F$2:$F$926, 0)) -> mid | H36: =INDEX(Scores!$D$2:$D$926, MATCH('Next Gen'!$A36, Scores!$F$2:$F$926, 0)) -> Original | I36: =INDEX(Scores!$E$2:$E$926, MATCH('Next Gen'!$A36, Scores!$F$2:$F$926, 0)) -> 45778
A37: 85 | B37: Caleb | C37: 12 | D37: 10 | E37: 6 | F37: =SUMIF(Scores!$F$2:$F$926, 'Next Gen'!$A37, INDEX(Scores!$I$2:$Q$926, 0, MATCH($B37, Scores!$I$1:$Q$1, 0))) -> 10 | G37: =INDEX(Scores!$B$2:$B$926, MATCH('Next Gen'!$A37, Scores!$F$2:$F$926, 0)) -> high | H37: =INDEX(Scores!$D$2:$D$926, MATCH('Next Gen'!$A37, Scores!$F$2:$F$926, 0)) -> Original | I37: =INDEX(Scores!$E$2:$E$926, MATCH('Next Gen'!$A37, Scores!$F$2:$F$926, 0)) -> 45778
A38: 85 | B38: Joshua | C38: 12 | D38: 9 | E38: 3 | F38: =SUMIF(Scores!$F$2:$F$926, 'Next Gen'!$A38, INDEX(Scores!$I$2:$Q$926, 0, MATCH($B38, Scores!$I$1:$Q$1, 0))) -> 6 | G38: =INDEX(Scores!$B$2:$B$926, MATCH('Next Gen'!$A38, Scores!$F$2:$F$926, 0)) -> high | H38: =INDEX(Scores!$D$2:$D$926, MATCH('Next Gen'!$A38, Scores!$F$2:$F$926, 0)) -> Original | I38: =INDEX(Scores!$E$2:$E$926, MATCH('Next Gen'!$A38, Scores!$F$2:$F$926, 0)) -> 45778
A39: 86 | B39: Caleb | C39: 9 | D39: 6 | E39: 4 | F39: =SUMIF(Scores!$F$2:$F$926, 'Next Gen'!$A39, INDEX(Scores!$I$2:$Q$926, 0, MATCH($B39, Scores!$I$1:$Q$1, 0))) -> 8 | G39: =INDEX(Scores!$B$2:$B$926, MATCH('Next Gen'!$A39, Scores!$F$2:$F$926, 0)) -> low | H39: =INDEX(Scores!$D$2:$D$926, MATCH('Next Gen'!$A39, Scores!$F$2:$F$926, 0)) -> Original | I39: =INDEX(Scores!$E$2:$E$926, MATCH('Next Gen'!$A39, Scores!$F$2:$F$926, 0)) -> 45778
... A42: 87 | B42: Joshua | C42: 9 | D42: 6 | E42: 1 | F42: =SUMIF(Scores!$F$2:$F$926, 'Next Gen'!$A42, INDEX(Scores!$I$2:$Q$926, 0, MATCH($B42, Scores!$I$1:$Q$1, 0))) -> 3 | G42: =INDEX(Scores!$B$2:$B$926, MATCH('Next Gen'!$A42, Scores!$F$2:$F$926, 0)) -> low | H42: =INDEX(Scores!$D$2:$D$926, MATCH('Next Gen'!$A42, Scores!$F$2:$F$926, 0)) -> Original | I42: =INDEX(Scores!$E$2:$E$926, MATCH('Next Gen'!$A42, Scores!$F$2:$F$926, 0)) -> 45778
A43: 88 | B43: Joshua | C43: 9 | D43: 7 | E43: 5 | F43: =SUMIF(Scores!$F$2:$F$926, 'Next Gen'!$A43, INDEX(Scores!$I$2:$Q$926, 0, MATCH($B43, Scores!$I$1:$Q$1, 0))) -> 8 | G43: =INDEX(Scores!$B$2:$B$926, MATCH('Next Gen'!$A44, Scores!$F$2:$F$926, 0)) -> mid | H43: =INDEX(Scores!$D$2:$D$926, MATCH('Next Gen'!$A43, Scores!$F$2:$F$926, 0)) -> Original | I43: =INDEX(Scores!$E$2:$E$926, MATCH('Next Gen'!$A44, Scores!$F$2:$F$926, 0)) -> 45779
A44: 88 | B44: Caleb | C44: 9 | D44: 9 | E44: 5 | F44: =SUMIF(Scores!$F$2:$F$926, 'Next Gen'!$A44, INDEX(Scores!$I$2:$Q$926, 0, MATCH($B44, Scores!$I$1:$Q$1, 0))) -> 9 | G44: =INDEX(Scores!$B$2:$B$926, MATCH('Next Gen'!$A43, Scores!$F$2:$F$926, 0)) -> mid | H44: =INDEX(Scores!$D$2:$D$926, MATCH('Next Gen'!$A44, Scores!$F$2:$F$926, 0)) -> Original | I44: =INDEX(Scores!$E$2:$E$926, MATCH('Next Gen'!$A43, Scores!$F$2:$F$926, 0)) -> 45779
A45: 89 | B45: Joshua | C45: 9 | D45: 6 | E45: 3 | F45: =SUMIF(Scores!$F$2:$F$926, 'Next Gen'!$A45, INDEX(Scores!$I$2:$Q$926, 0, MATCH($B45, Scores!$I$1:$Q$1, 0))) -> 4 | G45: =INDEX(Scores!$B$2:$B$926, MATCH('Next Gen'!$A46, Scores!$F$2:$F$926, 0)) -> high | H45: =INDEX(Scores!$D$2:$D$926, MATCH('Next Gen'!$A45, Scores!$F$2:$F$926, 0)) -> Original | I45: =INDEX(Scores!$E$2:$E$926, MATCH('Next Gen'!$A46, Scores!$F$2:$F$926, 0)) -> 45779
A46: 89 | B46: Veronica | C46: 9 | D46: 2 | E46: 2 | F46: =SUMIF(Scores!$F$2:$F$926, 'Next Gen'!$A46, INDEX(Scores!$I$2:$Q$926, 0, MATCH($B46, Scores!$I$1:$Q$1, 0))) -> 2 | G46: =INDEX(Scores!$B$2:$B$926, MATCH('Next Gen'!$A47, Scores!$F$2:$F$926, 0)) -> high | H46: =INDEX(Scores!$D$2:$D$926, MATCH('Next Gen'!$A46, Scores!$F$2:$F$926, 0)) -> Original | I46: =INDEX(Scores!$E$2:$E$926, MATCH('Next Gen'!$A47, Scores!$F$2:$F$926, 0)) -> 45779
A47: 89 | B47: Caleb | C47: 9 | D47: 8 | E47: 2 | F47: =SUMIF(Scores!$F$2:$F$926, 'Next Gen'!$A47, INDEX(Scores!$I$2:$Q$926, 0, MATCH($B47, Scores!$I$1:$Q$1, 0))) -> 2 | G47: =INDEX(Scores!$B$2:$B$926, MATCH('Next Gen'!$A45, Scores!$F$2:$F$926, 0)) -> high | H47: =INDEX(Scores!$D$2:$D$926, MATCH('Next Gen'!$A47, Scores!$F$2:$F$926, 0)) -> Original | I47: =INDEX(Scores!$E$2:$E$926, MATCH('Next Gen'!$A45, Scores!$F$2:$F$926, 0)) -> 45779
A48: 90 | B48: Caleb | C48: 9 | D48: 7 | E48: 2 | F48: =SUMIF(Scores!$F$2:$F$926, 'Next Gen'!$A48, INDEX(Scores!$I$2:$Q$926, 0, MATCH($B48, Scores!$I$1:$Q$1, 0))) -> 2 | G48: =INDEX(Scores!$B$2:$B$926, MATCH('Next Gen'!$A48, Scores!$F$2:$F$926, 0)) -> mid | H48: =INDEX(Scores!$D$2:$D$926, MATCH('Next Gen'!$A48, Scores!$F$2:$F$926, 0)) -> Original | I48: =INDEX(Scores!$E$2:$E$926, MATCH('Next Gen'!$A48, Scores!$F$2:$F$926, 0)) -> 45782
A49: 90 | B49: Joshua | C49: 9 | D49: 3 | E49: 1 | F49: =SUMIF(Scores!$F$2:$F$926, 'Next Gen'!$A49, INDEX(Scores!$I$2:$Q$926, 0, MATCH($B49, Scores!$I$1:$Q$1, 0))) -> 1 | G49: =INDEX(Scores!$B$2:$B$926, MATCH('Next Gen'!$A49, Scores!$F$2:$F$926, 0)) -> mid | H49: =INDEX(Scores!$D$2:$D$926, MATCH('Next Gen'!$A49, Scores!$F$2:$F$926, 0)) -> Original | I49: =INDEX(Scores!$E$2:$E$926, MATCH('Next Gen'!$A49, Scores!$F$2:$F$926, 0)) -> 45782
A50: 91 | B50: Joshua | C50: 9 | D50: 6 | E50: 6 | F50: =SUMIF(Scores!$F$2:$F$926, 'Next Gen'!$A50, INDEX(Scores!$I$2:$Q$926, 0, MATCH($B50, Scores!$I$1:$Q$1, 0))) -> 11 | G50: =INDEX(Scores!$B$2:$B$926, MATCH('Next Gen'!$A51, Scores!$F$2:$F$926, 0)) -> mid | H50: =INDEX(Scores!$D$2:$D$926, MATCH('Next Gen'!$A50, Scores!$F$2:$F$926, 0)) -> Original | I50: =INDEX(Scores!$E$2:$E$926, MATCH('Next Gen'!$A51, Scores!$F$2:$F$926, 0)) -> 45782
A51: 91 | B51: Caleb | C51: 9 | D51: 6 | E51: 3 | F51: =SUMIF(Scores!$F$2:$F$926, 'Next Gen'!$A51, INDEX(Scores!$I$2:$Q$926, 0, MATCH($B51, Scores!$I$1:$Q$1, 0))) -> 7 | G51: =INDEX(Scores!$B$2:$B$926, MATCH('Next Gen'!$A50, Scores!$F$2:$F$926, 0)) -> mid | H51: =INDEX(Scores!$D$2:$D$926, MATCH('Next Gen'!$A51, Scores!$F$2:$F$926, 0)) -> Original | I51: =INDEX(Scores!$E$2:$E$926, MATCH('Next Gen'!$A50, Scores!$F$2:$F$926, 0)) -> 45782
A52: 92 | B52: Caleb | C52: 9 | D52: 7 | E52: 4 | F52: =SUMIF(Scores!$F$2:$F$926, 'Next Gen'!$A52, INDEX(Scores!$I$2:$Q$926, 0, MATCH($B52, Scores!$I$1:$Q$1, 0))) -> 7 | G52: =INDEX(Scores!$B$2:$B$926, MATCH('Next Gen'!$A52, Scores!$F$2:$F$926, 0)) -> mid | H52: =INDEX(Scores!$D$2:$D$926, MATCH('Next Gen'!$A52, Scores!$F$2:$F$926, 0)) -> Original | I52: =INDEX(Scores!$E$2:$E$926, MATCH('Next Gen'!$A52, Scores!$F$2:$F$926, 0)) -> 45783
A53: 92 | B53: Joshua | C53: 9 | D53: 3 | E53: 1 | F53: =SUMIF(Scores!$F$2:$F$926, 'Next Gen'!$A53, INDEX(Scores!$I$2:$Q$926, 0, MATCH($B53, Scores!$I$1:$Q$1, 0))) -> 3 | G53: =INDEX(Scores!$B$2:$B$926, MATCH('Next Gen'!$A53, Scores!$F$2:$F$926, 0)) -> mid | H53: =INDEX(Scores!$D$2:$D$926, MATCH('Next Gen'!$A53, Scores!$F$2:$F$926, 0)) -> Original | I53: =INDEX(Scores!$E$2:$E$926, MATCH('Next Gen'!$A53, Scores!$F$2:$F$926, 0)) -> 45783
A54: 93 | B54: Caleb | C54: 9 | D54: 8 | E54: 7 | F54: =SUMIF(Scores!$F$2:$F$926, 'Next Gen'!$A54, INDEX(Scores!$I$2:$Q$926, 0, MATCH($B54, Scores!$I$1:$Q$1, 0))) -> 14 | G54: =INDEX(Scores!$B$2:$B$926, MATCH('Next Gen'!$A54, Scores!$F$2:$F$926, 0)) -> mid | H54: =INDEX(Scores!$D$2:$D$926, MATCH('Next Gen'!$A54, Scores!$F$2:$F$926, 0)) -> Original | I54: =INDEX(Scores!$E$2:$E$926, MATCH('Next Gen'!$A54, Scores!$F$2:$F$926, 0)) -> 45784
A55: 93 | B55: Joshua | C55: 9 | D55: 2 | E55: 1 | F55: =SUMIF(Scores!$F$2:$F$926, 'Next Gen'!$A55, INDEX(Scores!$I$2:$Q$926, 0, MATCH($B55, Scores!$I$1:$Q$1, 0))) -> 1 | G55: =INDEX(Scores!$B$2:$B$926, MATCH('Next Gen'!$A55, Scores!$F$2:$F$926, 0)) -> mid | H55: =INDEX(Scores!$D$2:$D$926, MATCH('Next Gen'!$A55, Scores!$F$2:$F$926, 0)) -> Original | I55: =INDEX(Scores!$E$2:$E$926, MATCH('Next Gen'!$A55, Scores!$F$2:$F$926, 0)) -> 45784
A56: 94 | B56: Joshua | C56: 9 | D56: 6 | E56: 5 | F56: =SUMIF(Scores!$F$2:$F$926, 'Next Gen'!$A56, INDEX(Scores!$I$2:$Q$926, 0, MATCH($B56, Scores!$I$1:$Q$1, 0))) -> 8 | G56: =INDEX(Scores!$B$2:$B$926, MATCH('Next Gen'!$A57, Scores!$F$2:$F$926, 0)) -> high | H56: =INDEX(Scores!$D$2:$D$926, MATCH('Next Gen'!$A56, Scores!$F$2:$F$926, 0)) -> Original | I56: =INDEX(Scores!$E$2:$E$926, MATCH('Next Gen'!$A57, Scores!$F$2:$F$926, 0)) -> 45784
A57: 94 | B57: Caleb | C57: 9 | D57: 8 | E57: 4 | F57: =SUMIF(Scores!$F$2:$F$926, 'Next Gen'!$A57, INDEX(Scores!$I$2:$Q$926, 0, MATCH($B57, Scores!$I$1:$Q$1, 0))) -> 7 | G57: =INDEX(Scores!$B$2:$B$926, MATCH('Next Gen'!$A56, Scores!$F$2:$F$926, 0)) -> high | H57: =INDEX(Scores!$D$2:$D$926, MATCH('Next Gen'!$A57, Scores!$F$2:$F$926, 0)) -> Original | I57: =INDEX(Scores!$E$2:$E$926, MATCH('Next Gen'!$A56, Scores!$F$2:$F$926, 0)) -> 45784
A58: 95 | B58: Joshua | C58: 9 | D58: 7 | E58: 1 | F58: =SUMIF(Scores!$F$2:$F$926, 'Next Gen'!$A58, INDEX(Scores!$I$2:$Q$926, 0, MATCH($B58, Scores!$I$1:$Q$1, 0))) -> 1 | G58: =INDEX(Scores!$B$2:$B$926, MATCH('Next Gen'!$A59, Scores!$F$2:$F$926, 0)) -> low | H58: =INDEX(Scores!$D$2:$D$926, MATCH('Next Gen'!$A58, Scores!$F$2:$F$926, 0)) -> Original | I58: =INDEX(Scores!$E$2:$E$926, MATCH('Next Gen'!$A59, Scores!$F$2:$F$926, 0)) -> 45784
A59: 95 | B59: Caleb | C59: 9 | D59: 8 | E59: 1 | F59: =SUMIF(Scores!$F$2:$F$926, 'Next Gen'!$A59, INDEX(Scores!$I$2:$Q$926, 0, MATCH($B59, Scores!$I$1:$Q$1, 0))) -> 2 | G59: =INDEX(Scores!$B$2:$B$926, MATCH('Next Gen'!$A58, Scores!$F$2:$F$926, 0)) -> low | H59: =INDEX(Scores!$D$2:$D$926, MATCH('Next Gen'!$A59, Scores!$F$2:$F$926, 0)) -> Original | I59: =INDEX(Scores!$E$2:$E$926, MATCH('Next Gen'!$A58, Scores!$F$2:$F$926, 0)) -> 45784
A60: 96 | B60: Caleb | C60: 9 | D60: 9 | E60: 3 | F60: =SUMIF(Scores!$F$2:$F$926, 'Next Gen'!$A60, INDEX(Scores!$I$2:$Q$926, 0, MATCH($B60, Scores!$I$1:$Q$1, 0))) -> 5 | G60: =INDEX(Scores!$B$2:$B$926, MATCH('Next Gen'!$A60, Scores!$F$2:$F$926, 0)) -> mid | H60: =INDEX(Scores!$D$2:$D$926, MATCH('Next Gen'!$A60, Scores!$F$2:$F$926, 0)) -> Original | I60: =INDEX(Scores!$E$2:$E$926, MATCH('Next Gen'!$A60, Scores!$F$2:$F$926, 0)) -> 45790
A61: 96 | B61: Joshua | C61: 9 | D61: 6 | E61: 2 | F61: =SUMIF(Scores!$F$2:$F$926, 'Next Gen'!$A61, INDEX(Scores!$I$2:$Q$926, 0, MATCH($B61, Scores!$I$1:$Q$1, 0))) -> 3 | G61: =INDEX(Scores!$B$2:$B$926, MATCH('Next Gen'!$A61, Scores!$F$2:$F$926, 0)) -> mid | H61: =INDEX(Scores!$D$2:$D$926, MATCH('Next Gen'!$A61, Scores!$F$2:$F$926, 0)) -> Original | I61: =INDEX(Scores!$E$2:$E$926, MATCH('Next Gen'!$A61, Scores!$F$2:$F$926, 0)) -> 45790
A62: 98 | B62: Caleb | C62: 9 | D62: 9 | E62: 4 | F62: =SUMIF(Scores!$F$2:$F$926, 'Next Gen'!$A62, INDEX(Scores!$I$2:$Q$926, 0, MATCH($B62, Scores!$I$1:$Q$1, 0))) -> 11 | G62: =INDEX(Scores!$B$2:$B$926, MATCH('Next Gen'!$A62, Scores!$F$2:$F$926, 0)) -> mid | H62: =INDEX(Scores!$D$2:$D$926, MATCH('Next Gen'!$A62, Scores!$F$2:$F$926, 0)) -> Original | I62: =INDEX(Scores!$E$2:$E$926, MATCH('Next Gen'!$A62, Scores!$F$2:$F$926, 0)) -> 45791
A63: 98 | B63: Joshua | C63: 9 | D63: 9 | E63: 2 | F63: =SUMIF(Scores!$F$2:$F$926, 'Next Gen'!$A63, INDEX(Scores!$I$2:$Q$926, 0, MATCH($B63, Scores!$I$1:$Q$1, 0))) -> 2 | G63: =INDEX(Scores!$B$2:$B$926, MATCH('Next Gen'!$A63, Scores!$F$2:$F$926, 0)) -> mid | H63: =INDEX(Scores!$D$2:$D$926, MATCH('Next Gen'!$A63, Scores!$F$2:$F$926, 0)) -> Original | I63: =INDEX(Scores!$E$2:$E$926, MATCH('Next Gen'!$A63, Scores!$F$2:$F$926, 0)) -> 45791
A64: 98 | B64: Quadri | C64: 9 | D64: 4 | E64: 1 | F64: =SUMIF(Scores!$F$2:$F$926, 'Next Gen'!$A64, INDEX(Scores!$I$2:$Q$926, 0, MATCH($B64, Scores!$I$1:$Q$1, 0))) -> 3 | G64: =INDEX(Scores!$B$2:$B$926, MATCH('Next Gen'!$A64, Scores!$F$2:$F$926, 0)) -> mid | H64: =INDEX(Scores!$D$2:$D$926, MATCH('Next Gen'!$A64, Scores!$F$2:$F$926, 0)) -> Original | I64: =INDEX(Scores!$E$2:$E$926, MATCH('Next Gen'!$A64, Scores!$F$2:$F$926, 0)) -> 45791
A65: 99 | B65: Joshua | C65: 9 | D65: 9 | E65: 4 | F65: =SUMIF(Scores!$F$2:$F$926, 'Next Gen'!$A65, INDEX(Scores!$I$2:$Q$926, 0, MATCH($B65, Scores!$I$1:$Q$1, 0))) -> 7 | G65: =INDEX(Scores!$B$2:$B$926, MATCH('Next Gen'!$A66, Scores!$F$2:$F$926, 0)) -> mid | H65: =INDEX(Scores!$D$2:$D$926, MATCH('Next Gen'!$A65, Scores!$F$2:$F$926, 0)) -> Original | I65: =INDEX(Scores!$E$2:$E$926, MATCH('Next Gen'!$A66, Scores!$F$2:$F$926, 0)) -> 45791
A66: 99 | B66: Quadri | C66: 9 | D66: 4 | E66: 4 | F66: =SUMIF(Scores!$F$2:$F$926, 'Next Gen'!$A66, INDEX(Scores!$I$2:$Q$926, 0, MATCH($B66, Scores!$I$1:$Q$1, 0))) -> 9 | G66: =INDEX(Scores!$B$2:$B$926, MATCH('Next Gen'!$A67, Scores!$F$2:$F$926, 0)) -> mid | H66: =INDEX(Scores!$D$2:$D$926, MATCH('Next Gen'!$A66, Scores!$F$2:$F$926, 0)) -> Original | I66: =INDEX(Scores!$E$2:$E$926, MATCH('Next Gen'!$A67, Scores!$F$2:$F$926, 0)) -> 45791
A67: 99 | B67: Daniel | C67: 9 | D67: 2 | E67: 2 | F67: =SUMIF(Scores!$F$2:$F$926, 'Next Gen'!$A67, INDEX(Scores!$I$2:$Q$926, 0, MATCH($B67, Scores!$I$1:$Q$1, 0))) -> 5 | G67: =INDEX(Scores!$B$2:$B$926, MATCH('Next Gen'!$A68, Scores!$F$2:$F$926, 0)) -> mid | H67: =INDEX(Scores!$D$2:$D$926, MATCH('Next Gen'!$A67, Scores!$F$2:$F$926, 0)) -> Original | I67: =INDEX(Scores!$E$2:$E$926, MATCH('Next Gen'!$A68, Scores!$F$2:$F$926, 0)) -> 45791
A68: 99 | B68: Caleb | C68: 9 | D68: 9 | E68: 1 | F68: =SUMIF(Scores!$F$2:$F$926, 'Next Gen'!$A68, INDEX(Scores!$I$2:$Q$926, 0, MATCH($B68, Scores!$I$1:$Q$1, 0))) -> 3 | G68: =INDEX(Scores!$B$2:$B$926, MATCH('Next Gen'!$A65, Scores!$F$2:$F$926, 0)) -> mid | H68: =INDEX(Scores!$D$2:$D$926, MATCH('Next Gen'!$A68, Scores!$F$2:$F$926, 0)) -> Original | I68: =INDEX(Scores!$E$2:$E$926, MATCH('Next Gen'!$A65, Scores!$F$2:$F$926, 0)) -> 45791
A69: 100 | B69: Joshua | C69: 9 | D69: 8 | E69: 4 | F69: =SUMIF(Scores!$F$2:$F$926, 'Next Gen'!$A69, INDEX(Scores!$I$2:$Q$926, 0, MATCH($B69, Scores!$I$1:$Q$1, 0))) -> 7 | G69: =INDEX(Scores!$B$2:$B$926, MATCH('Next Gen'!$A70, Scores!$F$2:$F$926, 0)) -> high | H69: =INDEX(Scores!$D$2:$D$926, MATCH('Next Gen'!$A69, Scores!$F$2:$F$926, 0)) -> Original | I69: =INDEX(Scores!$E$2:$E$926, MATCH('Next Gen'!$A70, Scores!$F$2:$F$926, 0)) -> 45791
A70: 100 | B70: Caleb | C70: 9 | D70: 9 | E70: 4 | F70: =SUMIF(Scores!$F$2:$F$926, 'Next Gen'!$A70, INDEX(Scores!$I$2:$Q$926, 0, MATCH($B70, Scores!$I$1:$Q$1, 0))) -> 9 | G70: =INDEX(Scores!$B$2:$B$926, MATCH('Next Gen'!$A69, Scores!$F$2:$F$926, 0)) -> high | H70: =INDEX(Scores!$D$2:$D$926, MATCH('Next Gen'!$A70, Scores!$F$2:$F$926, 0)) -> Original | I70: =INDEX(Scores!$E$2:$E$926, MATCH('Next Gen'!$A69, Scores!$F$2:$F$926, 0)) -> 45791
A71: 101 | B71: Joshua | C71: 9 | D71: 7 | E71: 5 | F71: =SUMIF(Scores!$F$2:$F$926, 'Next Gen'!$A71, INDEX(Scores!$I$2:$Q$926, 0, MATCH($B71, Scores!$I$1:$Q$1, 0))) -> 9 | G71: =INDEX(Scores!$B$2:$B$926, MATCH('Next Gen'!$A71, Scores!$F$2:$F$926, 0)) -> mid | H71: =INDEX(Scores!$D$2:$D$926, MATCH('Next Gen'!$A71, Scores!$F$2:$F$926, 0)) -> Original | I71: =INDEX(Scores!$E$2:$E$926, MATCH('Next Gen'!$A71, Scores!$F$2:$F$926, 0)) -> 45797
A72: 101 | B72: Quadri | C72: 9 | D72: 7 | E72: 2 | F72: =SUMIF(Scores!$F$2:$F$926, 'Next Gen'!$A72, INDEX(Scores!$I$2:$Q$926, 0, MATCH($B72, Scores!$I$1:$Q$1, 0))) -> 6 | G72: =INDEX(Scores!$B$2:$B$926, MATCH('Next Gen'!$A72, Scores!$F$2:$F$926, 0)) -> mid | H72: =INDEX(Scores!$D$2:$D$926, MATCH('Next Gen'!$A72, Scores!$F$2:$F$926, 0)) -> Original | I72: =INDEX(Scores!$E$2:$E$926, MATCH('Next Gen'!$A72, Scores!$F$2:$F$926, 0)) -> 45797
A73: 102 | B73: Joshua | C73: 9 | D73: 8 | E73: 5 | F73: =SUMIF(Scores!$F$2:$F$926, 'Next Gen'!$A73, INDEX(Scores!$I$2:$Q$926, 0, MATCH($B73, Scores!$I$1:$Q$1, 0))) -> 8 | G73: =INDEX(Scores!$B$2:$B$926, MATCH('Next Gen'!$A73, Scores!$F$2:$F$926, 0)) -> mid | H73: =INDEX(Scores!$D$2:$D$926, MATCH('Next Gen'!$A73, Scores!$F$2:$F$926, 0)) -> Original | I73: =INDEX(Scores!$E$2:$E$926, MATCH('Next Gen'!$A73, Scores!$F$2:$F$926, 0)) -> 45797
A74: 102 | B74: Daniel | C74: 9 | D74: 2 | E74: 1 | F74: =SUMIF(Scores!$F$2:$F$926, 'Next Gen'!$A74, INDEX(Scores!$I$2:$Q$926, 0, MATCH($B74, Scores!$I$1:$Q$1, 0))) -> 1 | G74: =INDEX(Scores!$B$2:$B$926, MATCH('Next Gen'!$A74, Scores!$F$2:$F$926, 0)) -> mid | H74: =INDEX(Scores!$D$2:$D$926, MATCH('Next Gen'!$A74, Scores!$F$2:$F$926, 0)) -> Original | I74: =INDEX(Scores!$E$2:$E$926, MATCH('Next Gen'!$A74, Scores!$F$2:$F$926, 0)) -> 45797
A75: 103 | B75: Joshua | C75: 9 | D75: 9 | E75: 7 | F75: =SUMIF(Scores!$F$2:$F$926, 'Next Gen'!$A75, INDEX(Scores!$I$2:$Q$926, 0, MATCH($B75, Scores!$I$1:$Q$1, 0))) -> 12 | G75: =INDEX(Scores!$B$2:$B$926, MATCH('Next Gen'!$A75, Scores!$F$2:$F$926, 0)) -> mid | H75: =INDEX(Scores!$D$2:$D$926, MATCH('Next Gen'!$A75, Scores!$F$2:$F$926, 0)) -> Original | I75: =INDEX(Scores!$E$2:$E$926, MATCH('Next Gen'!$A75, Scores!$F$2:$F$926, 0)) -> 45798
A76: 103 | B76: Quadri | C76: 9 | D76: 3 | E76: 3 | F76: =SUMIF(Scores!$F$2:$F$926, 'Next Gen'!$A76, INDEX(Scores!$I$2:$Q$926, 0, MATCH($B76, Scores!$I$1:$Q$1, 0))) -> 5 | G76: =INDEX(Scores!$B$2:$B$926, MATCH('Next Gen'!$A76, Scores!$F$2:$F$926, 0)) -> mid | H76: =INDEX(Scores!$D$2:$D$926, MATCH('Next Gen'!$A76, Scores!$F$2:$F$926, 0)) -> Original | I76: =INDEX(Scores!$E$2:$E$926, MATCH('Next Gen'!$A76, Scores!$F$2:$F$926, 0)) -> 45798
A77: 104 | B77: Joshua | C77: 9 | D77: 6 | E77: 2 | F77: =SUMIF(Scores!$F$2:$F$926, 'Next Gen'!$A77, INDEX(Scores!$I$2:$Q$926, 0, MATCH($B77, Scores!$I$1:$Q$1, 0))) -> 4 | G77: =INDEX(Scores!$B$2:$B$926, MATCH('Next Gen'!$A77, Scores!$F$2:$F$926, 0)) -> mid | H77: =INDEX(Scores!$D$2:$D$926, MATCH('Next Gen'!$A77, Scores!$F$2:$F$926, 0)) -> Original | I77: =INDEX(Scores!$E$2:$E$926, MATCH('Next Gen'!$A77, Scores!$F$2:$F$926, 0)) -> 45799
A78: 104 | B78: Quadri | C78: 9 | D78: 7 | E78: 1 | F78: =SUMIF(Scores!$F$2:$F$926, 'Next Gen'!$A78, INDEX(Scores!$I$2:$Q$926, 0, MATCH($B78, Scores!$I$1:$Q$1, 0))) -> 1 | G78: =INDEX(Scores!$B$2:$B$926, MATCH('Next Gen'!$A78, Scores!$F$2:$F$926, 0)) -> mid | H78: =INDEX(Scores!$D$2:$D$926, MATCH('Next Gen'!$A78, Scores!$F$2:$F$926, 0)) -> Original | I78: =INDEX(Scores!$E$2:$E$926, MATCH('Next Gen'!$A78, Scores!$F$2:$F$926, 0)) -> 45799
A79: 105 | B79: Joshua | C79: 9 | D79: 8 | E79: 3 | F79: =SUMIF(Scores!$F$2:$F$926, 'Next Gen'!$A79, INDEX(Scores!$I$2:$Q$926, 0, MATCH($B79, Scores!$I$1:$Q$1, 0))) -> 3 | G79: =INDEX(Scores!$B$2:$B$926, MATCH('Next Gen'!$A79, Scores!$F$2:$F$926, 0)) -> mid | H79: =INDEX(Scores!$D$2:$D$926, MATCH('Next Gen'!$A79, Scores!$F$2:$F$926, 0)) -> Original | I79: =INDEX(Scores!$E$2:$E$926, MATCH('Next Gen'!$A79, Scores!$F$2:$F$926, 0)) -> 45811
A80: 105 | B80: Quadri | C80: 9 | D80: 3 | E80: 1 | F80: =SUMIF(Scores!$F$2:$F$926, 'Next Gen'!$A80, INDEX(Scores!$I$2:$Q$926, 0, MATCH($B80, Scores!$I$1:$Q$1, 0))) -> 1 | G80: =INDEX(Scores!$B$2:$B$926, MATCH('Next Gen'!$A80, Scores!$F$2:$F$926, 0)) -> mid | H80: =INDEX(Scores!$D$2:$D$926, MATCH('Next Gen'!$A80, Scores!$F$2:$F$926, 0)) -> Original | I80: =INDEX(Scores!$E$2:$E$926, MATCH('Next Gen'!$A80, Scores!$F$2:$F$926, 0)) -> 45811
A81: 106 | B81: Joshua | C81: 9 | D81: 7 | E81: 2 | F81: =SUMIF(Scores!$F$2:$F$926, 'Next Gen'!$A81, INDEX(Scores!$I$2:$Q$926, 0, MATCH($B81, Scores!$I$1:$Q$1, 0))) -> 3 | G81: =INDEX(Scores!$B$2:$B$926, MATCH('Next Gen'!$A81, Scores!$F$2:$F$926, 0)) -> mid | H81: =INDEX(Scores!$D$2:$D$926, MATCH('Next Gen'!$A81, Scores!$F$2:$F$926, 0)) -> Original | I81: =INDEX(Scores!$E$2:$E$926, MATCH('Next Gen'!$A81, Scores!$F$2:$F$926, 0)) -> 45811
A82: 106 | B82: Quadri | C82: 9 | D82: 5 | E82: 2 | F82: =SUMIF(Scores!$F$2:$F$926, 'Next Gen'!$A82, INDEX(Scores!$I$2:$Q$926, 0, MATCH($B82, Scores!$I$1:$Q$1, 0))) -> 2 | G82: =INDEX(Scores!$B$2:$B$926, MATCH('Next Gen'!$A82, Scores!$F$2:$F$926, 0)) -> mid | H82: =INDEX(Scores!$D$2:$D$926, MATCH('Next Gen'!$A82, Scores!$F$2:$F$926, 0)) -> Original | I82: =INDEX(Scores!$E$2:$E$926, MATCH('Next Gen'!$A82, Scores!$F$2:$F$926, 0)) -> 45811
... A86: 108 | B86: Caleb | C86: 9 | D86: 9 | E86: 4 | F86: =SUMIF(Scores!$F$2:$F$926, 'Next Gen'!$A86, INDEX(Scores!$I$2:$Q$926, 0, MATCH($B86, Scores!$I$1:$Q$1, 0))) -> 8 | G86: =INDEX(Scores!$B$2:$B$926, MATCH('Next Gen'!$A86, Scores!$F$2:$F$926, 0)) -> mid | H86: =INDEX(Scores!$D$2:$D$926, MATCH('Next Gen'!$A86, Scores!$F$2:$F$926, 0)) -> Original | I86: =INDEX(Scores!$E$2:$E$926, MATCH('Next Gen'!$A86, Scores!$F$2:$F$926, 0)) -> 45819
A87: 109 | B87: Caleb | C87: 9 | D87: 9 | E87: 4 | F87: =SUMIF(Scores!$F$2:$F$926, 'Next Gen'!$A87, INDEX(Scores!$I$2:$Q$926, 0, MATCH($B87, Scores!$I$1:$Q$1, 0))) -> 5 | G87: =INDEX(Scores!$B$2:$B$926, MATCH('Next Gen'!$A88, Scores!$F$2:$F$926, 0)) -> mid | H87: =INDEX(Scores!$D$2:$D$926, MATCH('Next Gen'!$A87, Scores!$F$2:$F$926, 0)) -> Original | I87: =INDEX(Scores!$E$2:$E$926, MATCH('Next Gen'!$A88, Scores!$F$2:$F$926, 0)) -> 45820
A88: 109 | B88: Joshua | C88: 9 | D88: 7 | E88: 3 | F88: =SUMIF(Scores!$F$2:$F$926, 'Next Gen'!$A88, INDEX(Scores!$I$2:$Q$926, 0, MATCH($B88, Scores!$I$1:$Q$1, 0))) -> 8 | G88: =INDEX(Scores!$B$2:$B$926, MATCH('Next Gen'!$A87, Scores!$F$2:$F$926, 0)) -> mid | H88: =INDEX(Scores!$D$2:$D$926, MATCH('Next Gen'!$A88, Scores!$F$2:$F$926, 0)) -> Original | I88: =INDEX(Scores!$E$2:$E$926, MATCH('Next Gen'!$A87, Scores!$F$2:$F$926, 0)) -> 45820
A89: 110 | B89: Caleb | C89: 9 | D89: 7 | E89: 3 | F89: =SUMIF(Scores!$F$2:$F$926, 'Next Gen'!$A89, INDEX(Scores!$I$2:$Q$926, 0, MATCH($B89, Scores!$I$1:$Q$1, 0))) -> 5 | G89: =INDEX(Scores!$B$2:$B$926, MATCH('Next Gen'!$A90, Scores!$F$2:$F$926, 0)) -> mid | H89: =INDEX(Scores!$D$2:$D$926, MATCH('Next Gen'!$A89, Scores!$F$2:$F$926, 0)) -> Original | I89: =INDEX(Scores!$E$2:$E$926, MATCH('Next Gen'!$A90, Scores!$F$2:$F$926, 0)) -> 45821
A90: 110 | B90: Joshua | C90: 9 | D90: 8 | E90: 1 | F90: =SUMIF(Scores!$F$2:$F$926, 'Next Gen'!$A90, INDEX(Scores!$I$2:$Q$926, 0, MATCH($B90, Scores!$I$1:$Q$1, 0))) -> 3 | G90: =INDEX(Scores!$B$2:$B$926, MATCH('Next Gen'!$A89, Scores!$F$2:$F$926, 0)) -> mid | H90: =INDEX(Scores!$D$2:$D$926, MATCH('Next Gen'!$A90, Scores!$F$2:$F$926, 0)) -> Original | I90: =INDEX(Scores!$E$2:$E$926, MATCH('Next Gen'!$A89, Scores!$F$2:$F$926, 0)) -> 45821
A91: 111 | B91: Caleb | C91: 9 | D91: 8 | E91: 4 | F91: =SUMIF(Scores!$F$2:$F$926, 'Next Gen'!$A91, INDEX(Scores!$I$2:$Q$926, 0, MATCH($B91, Scores!$I$1:$Q$1, 0))) -> 7 | G91: =INDEX(Scores!$B$2:$B$926, MATCH('Next Gen'!$A92, Scores!$F$2:$F$926, 0)) -> mid | H91: =INDEX(Scores!$D$2:$D$926, MATCH('Next Gen'!$A91, Scores!$F$2:$F$926, 0)) -> Original | I91: =INDEX(Scores!$E$2:$E$926, MATCH('Next Gen'!$A92, Scores!$F$2:$F$926, 0)) -> 45824
A92: 111 | B92: Joshua | C92: 9 | D92: 8 | E92: 2 | F92: =SUMIF(Scores!$F$2:$F$926, 'Next Gen'!$A92, INDEX(Scores!$I$2:$Q$926, 0, MATCH($B92, Scores!$I$1:$Q$1, 0))) -> 4 | G92: =INDEX(Scores!$B$2:$B$926, MATCH('Next Gen'!$A91, Scores!$F$2:$F$926, 0)) -> mid | H92: =INDEX(Scores!$D$2:$D$926, MATCH('Next Gen'!$A92, Scores!$F$2:$F$926, 0)) -> Original | I92: =INDEX(Scores!$E$2:$E$926, MATCH('Next Gen'!$A91, Scores!$F$2:$F$926, 0)) -> 45824
A93: 112 | B93: Quadri | C93: 9 | D93: 6 | E93: 3 | F93: =SUMIF(Scores!$F$2:$F$926, 'Next Gen'!$A93, INDEX(Scores!$I$2:$Q$926, 0, MATCH($B93, Scores!$I$1:$Q$1, 0))) -> 4 | G93: =INDEX(Scores!$B$2:$B$926, MATCH('Next Gen'!$A95, Scores!$F$2:$F$926, 0)) -> mid | H93: =INDEX(Scores!$D$2:$D$926, MATCH('Next Gen'!$A93, Scores!$F$2:$F$926, 0)) -> Original | I93: =INDEX(Scores!$E$2:$E$926, MATCH('Next Gen'!$A95, Scores!$F$2:$F$926, 0)) -> 45824
A94: 112 | B94: Daniel | C94: 9 | D94: 3 | E94: 2 | F94: =SUMIF(Scores!$F$2:$F$926, 'Next Gen'!$A94, INDEX(Scores!$I$2:$Q$926, 0, MATCH($B94, Scores!$I$1:$Q$1, 0))) -> 6 | G94: =INDEX(Scores!$B$2:$B$926, MATCH('Next Gen'!$A96, Scores!$F$2:$F$926, 0)) -> mid | H94: =INDEX(Scores!$D$2:$D$926, MATCH('Next Gen'!$A94, Scores!$F$2:$F$926, 0)) -> Original | I94: =INDEX(Scores!$E$2:$E$926, MATCH('Next Gen'!$A96, Scores!$F$2:$F$926, 0)) -> 45824
A95: 112 | B95: Caleb | C95: 9 | D95: 9 | E95: 2 | F95: =SUMIF(Scores!$F$2:$F$926, 'Next Gen'!$A95, INDEX(Scores!$I$2:$Q$926, 0, MATCH($B95, Scores!$I$1:$Q$1, 0))) -> 3 | G95: =INDEX(Scores!$B$2:$B$926, MATCH('Next Gen'!$A94, Scores!$F$2:$F$926, 0)) -> mid | H95: =INDEX(Scores!$D$2:$D$926, MATCH('Next Gen'!$A95, Scores!$F$2:$F$926, 0)) -> Original | I95: =INDEX(Scores!$E$2:$E$926, MATCH('Next Gen'!$A94, Scores!$F$2:$F$926, 0)) -> 45824
A96: 112 | B96: Joshua | C96: 9 | D96: 8 | E96: 1 | F96: =SUMIF(Scores!$F$2:$F$926, 'Next Gen'!$A96, INDEX(Scores!$I$2:$Q$926, 0, MATCH($B96, Scores!$I$1:$Q$1, 0))) -> 1 | G96: =INDEX(Scores!$B$2:$B$926, MATCH('Next Gen'!$A93, Scores!$F$2:$F$926, 0)) -> mid | H96: =INDEX(Scores!$D$2:$D$926, MATCH('Next Gen'!$A96, Scores!$F$2:$F$926, 0)) -> Original | I96: =INDEX(Scores!$E$2:$E$926, MATCH('Next Gen'!$A93, Scores!$F$2:$F$926, 0)) -> 45824
A97: 113 | B97: Caleb | C97: 9 | D97: 9 | E97: 7 | F97: =SUMIF(Scores!$F$2:$F$926, 'Next Gen'!$A97, INDEX(Scores!$I$2:$Q$926, 0, MATCH($B97, Scores!$I$1:$Q$1, 0))) -> 12 | G97: =INDEX(Scores!$B$2:$B$926, MATCH('Next Gen'!$A98, Scores!$F$2:$F$926, 0)) -> mid | H97: =INDEX(Scores!$D$2:$D$926, MATCH('Next Gen'!$A97, Scores!$F$2:$F$926, 0)) -> Original | I97: =INDEX(Scores!$E$2:$E$926, MATCH('Next Gen'!$A98, Scores!$F$2:$F$926, 0)) -> 45825
A98: 113 | B98: Joshua | C98: 9 | D98: 9 | E98: 3 | F98: =SUMIF(Scores!$F$2:$F$926, 'Next Gen'!$A98, INDEX(Scores!$I$2:$Q$926, 0, MATCH($B98, Scores!$I$1:$Q$1, 0))) -> 7 | G98: =INDEX(Scores!$B$2:$B$926, MATCH('Next Gen'!$A97, Scores!$F$2:$F$926, 0)) -> mid | H98: =INDEX(Scores!$D$2:$D$926, MATCH('Next Gen'!$A98, Scores!$F$2:$F$926, 0)) -> Original | I98: =INDEX(Scores!$E$2:$E$926, MATCH('Next Gen'!$A97, Scores!$F$2:$F$926, 0)) -> 45825
A99: 114 | B99: Joshua | C99: 9 | D99: 7 | E99: 4 | F99: =SUMIF(Scores!$F$2:$F$926, 'Next Gen'!$A99, INDEX(Scores!$I$2:$Q$926, 0, MATCH($B99, Scores!$I$1:$Q$1, 0))) -> 11 | G99: =INDEX(Scores!$B$2:$B$926, MATCH('Next Gen'!$A99, Scores!$F$2:$F$926, 0)) -> mid | H99: =INDEX(Scores!$D$2:$D$926, MATCH('Next Gen'!$A99, Scores!$F$2:$F$926, 0)) -> Original | I99: =INDEX(Scores!$E$2:$E$926, MATCH('Next Gen'!$A99, Scores!$F$2:$F$926, 0)) -> 45825
A100: 114 | B100: Quadri | C100: 9 | D100: 4 | E100: 1 | F100: =SUMIF(Scores!$F$2:$F$926, 'Next Gen'!$A100, INDEX(Scores!$I$2:$Q$926, 0, MATCH($B100, Scores!$I$1:$Q$1, 0))) -> 1 | G100: =INDEX(Scores!$B$2:$B$926, MATCH('Next Gen'!$A101, Scores!$F$2:$F$926, 0)) -> mid | H100: =INDEX(Scores!$D$2:$D$926, MATCH('Next Gen'!$A100, Scores!$F$2:$F$926, 0)) -> Original | I100: =INDEX(Scores!$E$2:$E$926, MATCH('Next Gen'!$A101, Scores!$F$2:$F$926, 0)) -> 45825
A101: 114 | B101: Caleb | C101: 9 | D101: 8 | E101: 0 | F101: =SUMIF(Scores!$F$2:$F$926, 'Next Gen'!$A101, INDEX(Scores!$I$2:$Q$926, 0, MATCH($B101, Scores!$I$1:$Q$1, 0))) -> 0 | G101: =INDEX(Scores!$B$2:$B$926, MATCH('Next Gen'!$A100, Scores!$F$2:$F$926, 0)) -> mid | H101: =INDEX(Scores!$D$2:$D$926, MATCH('Next Gen'!$A101, Scores!$F$2:$F$926, 0)) -> Original | I101: =INDEX(Scores!$E$2:$E$926, MATCH('Next Gen'!$A100, Scores!$F$2:$F$926, 0)) -> 45825
A102: 115 | B102: Caleb | C102: 9 | D102: 8 | E102: 5 | F102: =SUMIF(Scores!$F$2:$F$926, 'Next Gen'!$A102, INDEX(Scores!$I$2:$Q$926, 0, MATCH($B102, Scores!$I$1:$Q$1, 0))) -> 14 | G102: =INDEX(Scores!$B$2:$B$926, MATCH('Next Gen'!$A103, Scores!$F$2:$F$926, 0)) -> high | H102: =INDEX(Scores!$D$2:$D$926, MATCH('Next Gen'!$A102, Scores!$F$2:$F$926, 0)) -> Original | I102: =INDEX(Scores!$E$2:$E$926, MATCH('Next Gen'!$A103, Scores!$F$2:$F$926, 0)) -> 45825
A103: 115 | B103: Joshua | C103: 9 | D103: 8 | E103: 5 | F103: =SUMIF(Scores!$F$2:$F$926, 'Next Gen'!$A103, INDEX(Scores!$I$2:$Q$926, 0, MATCH($B103, Scores!$I$1:$Q$1, 0))) -> 10 | G103: =INDEX(Scores!$B$2:$B$926, MATCH('Next Gen'!$A102, Scores!$F$2:$F$926, 0)) -> high | H103: =INDEX(Scores!$D$2:$D$926, MATCH('Next Gen'!$A103, Scores!$F$2:$F$926, 0)) -> Original | I103: =INDEX(Scores!$E$2:$E$926, MATCH('Next Gen'!$A102, Scores!$F$2:$F$926, 0)) -> 45825
A104: 115 | B104: Quadri | C104: 9 | D104: 6 | E104: 2 | F104: =SUMIF(Scores!$F$2:$F$926, 'Next Gen'!$A104, INDEX(Scores!$I$2:$Q$926, 0, MATCH($B104, Scores!$I$1:$Q$1, 0))) -> 2 | G104: =INDEX(Scores!$B$2:$B$926, MATCH('Next Gen'!$A104, Scores!$F$2:$F$926, 0)) -> high | H104: =INDEX(Scores!$D$2:$D$926, MATCH('Next Gen'!$A104, Scores!$F$2:$F$926, 0)) -> Original | I104: =INDEX(Scores!$E$2:$E$926, MATCH('Next Gen'!$A104, Scores!$F$2:$F$926, 0)) -> 45825
A105: 116 | B105: Joshua | C105: 12 | D105: 10 | E105: 4 | F105: =SUMIF(Scores!$F$2:$F$926, 'Next Gen'!$A105, INDEX(Scores!$I$2:$Q$926, 0, MATCH($B105, Scores!$I$1:$Q$1, 0))) -> 10 | G105: =INDEX(Scores!$B$2:$B$926, MATCH('Next Gen'!$A105, Scores!$F$2:$F$926, 0)) -> mid | H105: =INDEX(Scores!$D$2:$D$926, MATCH('Next Gen'!$A105, Scores!$F$2:$F$926, 0)) -> Original | I105: =INDEX(Scores!$E$2:$E$926, MATCH('Next Gen'!$A105, Scores!$F$2:$F$926, 0)) -> 45826
...

Sheet Achievements
A1: Trifecta (three 3s in a single round) | D1: Perfect Touch (land every board hit)
